"AssmtCodeNew","SITE_CODE","DATE","Year","Month","Day","jDay","SurveyType","N_NETS_TOTAL","TOTAL_DIST","SPECIES","TOTAL_COUNT","COUNT_PER_SEINE","DENSITY"
"5CN1_20180606","5CN1","20180606",2018,6,6,157,"Seine",3,19,"PSRE",16,5.33333333333333,0.842105263157895
"5CN1_20180606","5CN1","20180606",2018,6,6,157,"Seine",3,19,"TATO",4,1.33333333333333,0.210526315789474
"5CN1_20180606","5CN1","20180606",2018,6,6,157,"Seine",3,19,"RACA",0,0,0
"5CN1_20180606","5CN1","20180606",2018,6,6,157,"Seine",3,19,"AMCA",0,0,0
"5CN1_20180606","5CN1","20180606",2018,6,6,157,"Seine",3,19,"BUBO",0,0,0
"5CN1_20180606","5CN1","20180606",2018,6,6,157,"Seine",3,19,"RADR",0,0,0
"5CN1_20180716","5CN1","20180716",2018,7,16,197,"Seine",3,19,"PSRE",3,1,0.157894736842105
"5CN1_20180716","5CN1","20180716",2018,7,16,197,"Seine",3,19,"TATO",0,0,0
"5CN1_20180716","5CN1","20180716",2018,7,16,197,"Seine",3,19,"RACA",0,0,0
"5CN1_20180716","5CN1","20180716",2018,7,16,197,"Seine",3,19,"AMCA",0,0,0
"5CN1_20180716","5CN1","20180716",2018,7,16,197,"Seine",3,19,"BUBO",0,0,0
"5CN1_20180716","5CN1","20180716",2018,7,16,197,"Seine",3,19,"RADR",0,0,0
"5CN2_20180606","5CN2","20180606",2018,6,6,157,"Seine",3,28,"PSRE",92,30.6666666666667,3.28571428571429
"5CN2_20180606","5CN2","20180606",2018,6,6,157,"Seine",3,28,"TATO",52,17.3333333333333,1.85714285714286
"5CN2_20180606","5CN2","20180606",2018,6,6,157,"Seine",3,28,"RACA",0,0,0
"5CN2_20180606","5CN2","20180606",2018,6,6,157,"Seine",3,28,"AMCA",0,0,0
"5CN2_20180606","5CN2","20180606",2018,6,6,157,"Seine",3,28,"BUBO",0,0,0
"5CN2_20180606","5CN2","20180606",2018,6,6,157,"Seine",3,28,"RADR",0,0,0
"5CN2_20180716","5CN2","20180716",2018,7,16,197,"Seine",3,8.5,"PSRE",11,3.66666666666667,1.29411764705882
"5CN2_20180716","5CN2","20180716",2018,7,16,197,"Seine",3,8.5,"TATO",26,8.66666666666667,3.05882352941176
"5CN2_20180716","5CN2","20180716",2018,7,16,197,"Seine",3,8.5,"RACA",0,0,0
"5CN2_20180716","5CN2","20180716",2018,7,16,197,"Seine",3,8.5,"AMCA",0,0,0
"5CN2_20180716","5CN2","20180716",2018,7,16,197,"Seine",3,8.5,"BUBO",0,0,0
"5CN2_20180716","5CN2","20180716",2018,7,16,197,"Seine",3,8.5,"RADR",0,0,0
"5CN3_20180606","5CN3","20180606",2018,6,6,157,"Seine",3,35,"PSRE",1,0.333333333333333,0.0285714285714286
"5CN3_20180606","5CN3","20180606",2018,6,6,157,"Seine",3,35,"TATO",2,0.666666666666667,0.0571428571428571
"5CN3_20180606","5CN3","20180606",2018,6,6,157,"Seine",3,35,"RACA",0,0,0
"5CN3_20180606","5CN3","20180606",2018,6,6,157,"Seine",3,35,"AMCA",0,0,0
"5CN3_20180606","5CN3","20180606",2018,6,6,157,"Seine",3,35,"BUBO",0,0,0
"5CN3_20180606","5CN3","20180606",2018,6,6,157,"Seine",3,35,"RADR",0,0,0
"5CN3_20180716","5CN3","20180716",2018,7,16,197,"Seine",5,36,"PSRE",0,0,0
"5CN3_20180716","5CN3","20180716",2018,7,16,197,"Seine",5,36,"TATO",2,0.4,0.0555555555555556
"5CN3_20180716","5CN3","20180716",2018,7,16,197,"Seine",5,36,"RACA",0,0,0
"5CN3_20180716","5CN3","20180716",2018,7,16,197,"Seine",5,36,"AMCA",0,0,0
"5CN3_20180716","5CN3","20180716",2018,7,16,197,"Seine",5,36,"BUBO",0,0,0
"5CN3_20180716","5CN3","20180716",2018,7,16,197,"Seine",5,36,"RADR",0,0,0
"Barn_20180709","Barn","20180709",2018,7,9,190,"Seine",5,43,"PSRE",0,0,0
"Barn_20180709","Barn","20180709",2018,7,9,190,"Seine",5,43,"TATO",0,0,0
"Barn_20180709","Barn","20180709",2018,7,9,190,"Seine",5,43,"RACA",0,0,0
"Barn_20180709","Barn","20180709",2018,7,9,190,"Seine",5,43,"AMCA",0,0,0
"Barn_20180709","Barn","20180709",2018,7,9,190,"Seine",5,43,"BUBO",0,0,0
"Barn_20180709","Barn","20180709",2018,7,9,190,"Seine",5,43,"RADR",0,0,0
"BARNBOR_20180524","BARNBOR","20180524",2018,5,24,144,"Seine",3,14.5,"PSRE",35,11.6666666666667,2.41379310344828
"BARNBOR_20180524","BARNBOR","20180524",2018,5,24,144,"Seine",3,14.5,"TATO",0,0,0
"BARNBOR_20180524","BARNBOR","20180524",2018,5,24,144,"Seine",3,14.5,"RACA",0,0,0
"BARNBOR_20180524","BARNBOR","20180524",2018,5,24,144,"Seine",3,14.5,"AMCA",1,0.333333333333333,0.0689655172413793
"BARNBOR_20180524","BARNBOR","20180524",2018,5,24,144,"Seine",3,14.5,"BUBO",0,0,0
"BARNBOR_20180524","BARNBOR","20180524",2018,5,24,144,"Seine",3,14.5,"RADR",0,0,0
"BASSGCP_20180530","BASSGCP","20180530",2018,5,30,150,"Seine",4,42,"PSRE",0,0,0
"BASSGCP_20180530","BASSGCP","20180530",2018,5,30,150,"Seine",4,42,"TATO",0,0,0
"BASSGCP_20180530","BASSGCP","20180530",2018,5,30,150,"Seine",4,42,"RACA",9,2.25,0.214285714285714
"BASSGCP_20180530","BASSGCP","20180530",2018,5,30,150,"Seine",4,42,"AMCA",0,0,0
"BASSGCP_20180530","BASSGCP","20180530",2018,5,30,150,"Seine",4,42,"BUBO",0,0,0
"BASSGCP_20180530","BASSGCP","20180530",2018,5,30,150,"Seine",4,42,"RADR",0,0,0
"BASSGCP_20180717","BASSGCP","20180717",2018,7,17,198,"Seine",5,39,"PSRE",0,0,0
"BASSGCP_20180717","BASSGCP","20180717",2018,7,17,198,"Seine",5,39,"TATO",0,0,0
"BASSGCP_20180717","BASSGCP","20180717",2018,7,17,198,"Seine",5,39,"RACA",0,0,0
"BASSGCP_20180717","BASSGCP","20180717",2018,7,17,198,"Seine",5,39,"AMCA",0,0,0
"BASSGCP_20180717","BASSGCP","20180717",2018,7,17,198,"Seine",5,39,"BUBO",0,0,0
"BASSGCP_20180717","BASSGCP","20180717",2018,7,17,198,"Seine",5,39,"RADR",0,0,0
"BNPND002_20180522","BNPND002","20180522",2018,5,22,142,"Seine",4,51,"PSRE",0,0,0
"BNPND002_20180522","BNPND002","20180522",2018,5,22,142,"Seine",4,51,"TATO",0,0,0
"BNPND002_20180522","BNPND002","20180522",2018,5,22,142,"Seine",4,51,"RACA",0,0,0
"BNPND002_20180522","BNPND002","20180522",2018,5,22,142,"Seine",4,51,"AMCA",0,0,0
"BNPND002_20180522","BNPND002","20180522",2018,5,22,142,"Seine",4,51,"BUBO",0,0,0
"BNPND002_20180522","BNPND002","20180522",2018,5,22,142,"Seine",4,51,"RADR",0,0,0
"BNPND002_20180619","BNPND002","20180619",2018,6,19,170,"Seine",4,38,"PSRE",1,0.25,0.0263157894736842
"BNPND002_20180619","BNPND002","20180619",2018,6,19,170,"Seine",4,38,"TATO",0,0,0
"BNPND002_20180619","BNPND002","20180619",2018,6,19,170,"Seine",4,38,"RACA",0,0,0
"BNPND002_20180619","BNPND002","20180619",2018,6,19,170,"Seine",4,38,"AMCA",0,0,0
"BNPND002_20180619","BNPND002","20180619",2018,6,19,170,"Seine",4,38,"BUBO",0,0,0
"BNPND002_20180619","BNPND002","20180619",2018,6,19,170,"Seine",4,38,"RADR",0,0,0
"BNPND005_20180522","BNPND005","20180522",2018,5,22,142,"Seine",3,34,"PSRE",12,4,0.352941176470588
"BNPND005_20180522","BNPND005","20180522",2018,5,22,142,"Seine",3,34,"TATO",20,6.66666666666667,0.588235294117647
"BNPND005_20180522","BNPND005","20180522",2018,5,22,142,"Seine",3,34,"RACA",0,0,0
"BNPND005_20180522","BNPND005","20180522",2018,5,22,142,"Seine",3,34,"AMCA",0,0,0
"BNPND005_20180522","BNPND005","20180522",2018,5,22,142,"Seine",3,34,"BUBO",0,0,0
"BNPND005_20180522","BNPND005","20180522",2018,5,22,142,"Seine",3,34,"RADR",0,0,0
"BNPND005_20180619","BNPND005","20180619",2018,6,19,170,"Seine",5,30.5,"PSRE",0,0,0
"BNPND005_20180619","BNPND005","20180619",2018,6,19,170,"Seine",5,30.5,"TATO",6,1.2,0.19672131147541
"BNPND005_20180619","BNPND005","20180619",2018,6,19,170,"Seine",5,30.5,"RACA",0,0,0
"BNPND005_20180619","BNPND005","20180619",2018,6,19,170,"Seine",5,30.5,"AMCA",0,0,0
"BNPND005_20180619","BNPND005","20180619",2018,6,19,170,"Seine",5,30.5,"BUBO",0,0,0
"BNPND005_20180619","BNPND005","20180619",2018,6,19,170,"Seine",5,30.5,"RADR",0,0,0
"BNPND011_20180522","BNPND011","20180522",2018,5,22,142,"Seine",4,40,"PSRE",9,2.25,0.225
"BNPND011_20180522","BNPND011","20180522",2018,5,22,142,"Seine",4,40,"TATO",3,0.75,0.075
"BNPND011_20180522","BNPND011","20180522",2018,5,22,142,"Seine",4,40,"RACA",0,0,0
"BNPND011_20180522","BNPND011","20180522",2018,5,22,142,"Seine",4,40,"AMCA",0,0,0
"BNPND011_20180522","BNPND011","20180522",2018,5,22,142,"Seine",4,40,"BUBO",0,0,0
"BNPND011_20180522","BNPND011","20180522",2018,5,22,142,"Seine",4,40,"RADR",0,0,0
"BNPND011_20180619","BNPND011","20180619",2018,6,19,170,"Seine",4,21,"PSRE",41,10.25,1.95238095238095
"BNPND011_20180619","BNPND011","20180619",2018,6,19,170,"Seine",4,21,"TATO",3,0.75,0.142857142857143
"BNPND011_20180619","BNPND011","20180619",2018,6,19,170,"Seine",4,21,"RACA",0,0,0
"BNPND011_20180619","BNPND011","20180619",2018,6,19,170,"Seine",4,21,"AMCA",0,0,0
"BNPND011_20180619","BNPND011","20180619",2018,6,19,170,"Seine",4,21,"BUBO",0,0,0
"BNPND011_20180619","BNPND011","20180619",2018,6,19,170,"Seine",4,21,"RADR",0,0,0
"BNPND019_20180611","BNPND019","20180611",2018,6,11,162,"Seine",3,29,"PSRE",195,65,6.72413793103448
"BNPND019_20180611","BNPND019","20180611",2018,6,11,162,"Seine",3,29,"TATO",44,14.6666666666667,1.51724137931034
"BNPND019_20180611","BNPND019","20180611",2018,6,11,162,"Seine",3,29,"RACA",0,0,0
"BNPND019_20180611","BNPND019","20180611",2018,6,11,162,"Seine",3,29,"AMCA",0,0,0
"BNPND019_20180611","BNPND019","20180611",2018,6,11,162,"Seine",3,29,"BUBO",0,0,0
"BNPND019_20180611","BNPND019","20180611",2018,6,11,162,"Seine",3,29,"RADR",0,0,0
"BNPND019_20180711","BNPND019","20180711",2018,7,11,192,"Seine",3,28,"PSRE",3,1,0.107142857142857
"BNPND019_20180711","BNPND019","20180711",2018,7,11,192,"Seine",3,28,"TATO",11,3.66666666666667,0.392857142857143
"BNPND019_20180711","BNPND019","20180711",2018,7,11,192,"Seine",3,28,"RACA",0,0,0
"BNPND019_20180711","BNPND019","20180711",2018,7,11,192,"Seine",3,28,"AMCA",0,0,0
"BNPND019_20180711","BNPND019","20180711",2018,7,11,192,"Seine",3,28,"BUBO",0,0,0
"BNPND019_20180711","BNPND019","20180711",2018,7,11,192,"Seine",3,28,"RADR",0,0,0
"BNPND020_20180611","BNPND020","20180611",2018,6,11,162,"Seine",3,21,"PSRE",10,3.33333333333333,0.476190476190476
"BNPND020_20180611","BNPND020","20180611",2018,6,11,162,"Seine",3,21,"TATO",26,8.66666666666667,1.23809523809524
"BNPND020_20180611","BNPND020","20180611",2018,6,11,162,"Seine",3,21,"RACA",0,0,0
"BNPND020_20180611","BNPND020","20180611",2018,6,11,162,"Seine",3,21,"AMCA",0,0,0
"BNPND020_20180611","BNPND020","20180611",2018,6,11,162,"Seine",3,21,"BUBO",0,0,0
"BNPND020_20180611","BNPND020","20180611",2018,6,11,162,"Seine",3,21,"RADR",0,0,0
"BNPND020_20180711","BNPND020","20180711",2018,7,11,192,"Seine",3,31,"PSRE",0,0,0
"BNPND020_20180711","BNPND020","20180711",2018,7,11,192,"Seine",3,31,"TATO",16,5.33333333333333,0.516129032258065
"BNPND020_20180711","BNPND020","20180711",2018,7,11,192,"Seine",3,31,"RACA",3,1,0.0967741935483871
"BNPND020_20180711","BNPND020","20180711",2018,7,11,192,"Seine",3,31,"AMCA",0,0,0
"BNPND020_20180711","BNPND020","20180711",2018,7,11,192,"Seine",3,31,"BUBO",0,0,0
"BNPND020_20180711","BNPND020","20180711",2018,7,11,192,"Seine",3,31,"RADR",0,0,0
"BNPND024_20180611","BNPND024","20180611",2018,6,11,162,"Seine",3,15,"PSRE",7,2.33333333333333,0.466666666666667
"BNPND024_20180611","BNPND024","20180611",2018,6,11,162,"Seine",3,15,"TATO",5,1.66666666666667,0.333333333333333
"BNPND024_20180611","BNPND024","20180611",2018,6,11,162,"Seine",3,15,"RACA",26,8.66666666666667,1.73333333333333
"BNPND024_20180611","BNPND024","20180611",2018,6,11,162,"Seine",3,15,"AMCA",0,0,0
"BNPND024_20180611","BNPND024","20180611",2018,6,11,162,"Seine",3,15,"BUBO",0,0,0
"BNPND024_20180611","BNPND024","20180611",2018,6,11,162,"Seine",3,15,"RADR",0,0,0
"BNPND024_20180711","BNPND024","20180711",2018,7,11,192,"Seine",4,24,"PSRE",0,0,0
"BNPND024_20180711","BNPND024","20180711",2018,7,11,192,"Seine",4,24,"TATO",0,0,0
"BNPND024_20180711","BNPND024","20180711",2018,7,11,192,"Seine",4,24,"RACA",22,5.5,0.916666666666667
"BNPND024_20180711","BNPND024","20180711",2018,7,11,192,"Seine",4,24,"AMCA",0,0,0
"BNPND024_20180711","BNPND024","20180711",2018,7,11,192,"Seine",4,24,"BUBO",0,0,0
"BNPND024_20180711","BNPND024","20180711",2018,7,11,192,"Seine",4,24,"RADR",0,0,0
"BOGCP_20180525","BOGCP","20180525",2018,5,25,145,"Seine",3,38,"PSRE",41,13.6666666666667,1.07894736842105
"BOGCP_20180525","BOGCP","20180525",2018,5,25,145,"Seine",3,38,"TATO",1,0.333333333333333,0.0263157894736842
"BOGCP_20180525","BOGCP","20180525",2018,5,25,145,"Seine",3,38,"RACA",0,0,0
"BOGCP_20180525","BOGCP","20180525",2018,5,25,145,"Seine",3,38,"AMCA",5,1.66666666666667,0.131578947368421
"BOGCP_20180525","BOGCP","20180525",2018,5,25,145,"Seine",3,38,"BUBO",0,0,0
"BOGCP_20180525","BOGCP","20180525",2018,5,25,145,"Seine",3,38,"RADR",0,0,0
"CA-BN003_20180522","CA-BN003","20180522",2018,5,22,142,"Seine",4,36,"PSRE",5,1.25,0.138888888888889
"CA-BN003_20180522","CA-BN003","20180522",2018,5,22,142,"Seine",4,36,"TATO",22,5.5,0.611111111111111
"CA-BN003_20180522","CA-BN003","20180522",2018,5,22,142,"Seine",4,36,"RACA",0,0,0
"CA-BN003_20180522","CA-BN003","20180522",2018,5,22,142,"Seine",4,36,"AMCA",0,0,0
"CA-BN003_20180522","CA-BN003","20180522",2018,5,22,142,"Seine",4,36,"BUBO",0,0,0
"CA-BN003_20180522","CA-BN003","20180522",2018,5,22,142,"Seine",4,36,"RADR",0,0,0
"CA-BN003_20180619","CA-BN003","20180619",2018,6,19,170,"Seine",4,57,"PSRE",0,0,0
"CA-BN003_20180619","CA-BN003","20180619",2018,6,19,170,"Seine",4,57,"TATO",5,1.25,0.087719298245614
"CA-BN003_20180619","CA-BN003","20180619",2018,6,19,170,"Seine",4,57,"RACA",0,0,0
"CA-BN003_20180619","CA-BN003","20180619",2018,6,19,170,"Seine",4,57,"AMCA",0,0,0
"CA-BN003_20180619","CA-BN003","20180619",2018,6,19,170,"Seine",4,57,"BUBO",0,0,0
"CA-BN003_20180619","CA-BN003","20180619",2018,6,19,170,"Seine",4,57,"RADR",0,0,0
"CA-BN004_20180522","CA-BN004","20180522",2018,5,22,142,"Seine",3,12,"PSRE",3,1,0.25
"CA-BN004_20180522","CA-BN004","20180522",2018,5,22,142,"Seine",3,12,"TATO",0,0,0
"CA-BN004_20180522","CA-BN004","20180522",2018,5,22,142,"Seine",3,12,"RACA",0,0,0
"CA-BN004_20180522","CA-BN004","20180522",2018,5,22,142,"Seine",3,12,"AMCA",0,0,0
"CA-BN004_20180522","CA-BN004","20180522",2018,5,22,142,"Seine",3,12,"BUBO",0,0,0
"CA-BN004_20180522","CA-BN004","20180522",2018,5,22,142,"Seine",3,12,"RADR",0,0,0
"CA-BN004_20180619","CA-BN004","20180619",2018,6,19,170,"Seine",5,13,"PSRE",0,0,0
"CA-BN004_20180619","CA-BN004","20180619",2018,6,19,170,"Seine",5,13,"TATO",0,0,0
"CA-BN004_20180619","CA-BN004","20180619",2018,6,19,170,"Seine",5,13,"RACA",0,0,0
"CA-BN004_20180619","CA-BN004","20180619",2018,6,19,170,"Seine",5,13,"AMCA",0,0,0
"CA-BN004_20180619","CA-BN004","20180619",2018,6,19,170,"Seine",5,13,"BUBO",0,0,0
"CA-BN004_20180619","CA-BN004","20180619",2018,6,19,170,"Seine",5,13,"RADR",0,0,0
"CA-BN016_20180611","CA-BN016","20180611",2018,6,11,162,"Seine",4,21,"PSRE",11,2.75,0.523809523809524
"CA-BN016_20180611","CA-BN016","20180611",2018,6,11,162,"Seine",4,21,"TATO",182,45.5,8.66666666666667
"CA-BN016_20180611","CA-BN016","20180611",2018,6,11,162,"Seine",4,21,"RACA",4,1,0.19047619047619
"CA-BN016_20180611","CA-BN016","20180611",2018,6,11,162,"Seine",4,21,"AMCA",0,0,0
"CA-BN016_20180611","CA-BN016","20180611",2018,6,11,162,"Seine",4,21,"BUBO",0,0,0
"CA-BN016_20180611","CA-BN016","20180611",2018,6,11,162,"Seine",4,21,"RADR",0,0,0
"CA-BN016_20180711","CA-BN016","20180711",2018,7,11,192,"Seine",4,19,"PSRE",0,0,0
"CA-BN016_20180711","CA-BN016","20180711",2018,7,11,192,"Seine",4,19,"TATO",111,27.75,5.84210526315789
"CA-BN016_20180711","CA-BN016","20180711",2018,7,11,192,"Seine",4,19,"RACA",3,0.75,0.157894736842105
"CA-BN016_20180711","CA-BN016","20180711",2018,7,11,192,"Seine",4,19,"AMCA",0,0,0
"CA-BN016_20180711","CA-BN016","20180711",2018,7,11,192,"Seine",4,19,"BUBO",0,0,0
"CA-BN016_20180711","CA-BN016","20180711",2018,7,11,192,"Seine",4,19,"RADR",0,0,0
"CA-BN017_20180611","CA-BN017","20180611",2018,6,11,162,"Seine",3,17,"PSRE",41,13.6666666666667,2.41176470588235
"CA-BN017_20180611","CA-BN017","20180611",2018,6,11,162,"Seine",3,17,"TATO",36,12,2.11764705882353
"CA-BN017_20180611","CA-BN017","20180611",2018,6,11,162,"Seine",3,17,"RACA",0,0,0
"CA-BN017_20180611","CA-BN017","20180611",2018,6,11,162,"Seine",3,17,"AMCA",0,0,0
"CA-BN017_20180611","CA-BN017","20180611",2018,6,11,162,"Seine",3,17,"BUBO",0,0,0
"CA-BN017_20180611","CA-BN017","20180611",2018,6,11,162,"Seine",3,17,"RADR",0,0,0
"CA-BN017_20180711","CA-BN017","20180711",2018,7,11,192,"Seine",3,6,"PSRE",0,0,0
"CA-BN017_20180711","CA-BN017","20180711",2018,7,11,192,"Seine",3,6,"TATO",35,11.6666666666667,5.83333333333333
"CA-BN017_20180711","CA-BN017","20180711",2018,7,11,192,"Seine",3,6,"RACA",0,0,0
"CA-BN017_20180711","CA-BN017","20180711",2018,7,11,192,"Seine",3,6,"AMCA",0,0,0
"CA-BN017_20180711","CA-BN017","20180711",2018,7,11,192,"Seine",3,6,"BUBO",0,0,0
"CA-BN017_20180711","CA-BN017","20180711",2018,7,11,192,"Seine",3,6,"RADR",0,0,0
"CA-BN018_20180611","CA-BN018","20180611",2018,6,11,162,"Seine",3,41,"PSRE",129,43,3.14634146341463
"CA-BN018_20180611","CA-BN018","20180611",2018,6,11,162,"Seine",3,41,"TATO",19,6.33333333333333,0.463414634146341
"CA-BN018_20180611","CA-BN018","20180611",2018,6,11,162,"Seine",3,41,"RACA",0,0,0
"CA-BN018_20180611","CA-BN018","20180611",2018,6,11,162,"Seine",3,41,"AMCA",0,0,0
"CA-BN018_20180611","CA-BN018","20180611",2018,6,11,162,"Seine",3,41,"BUBO",0,0,0
"CA-BN018_20180611","CA-BN018","20180611",2018,6,11,162,"Seine",3,41,"RADR",0,0,0
"CA-BN018_20180711","CA-BN018","20180711",2018,7,11,192,"Seine",3,28,"PSRE",32,10.6666666666667,1.14285714285714
"CA-BN018_20180711","CA-BN018","20180711",2018,7,11,192,"Seine",3,28,"TATO",20,6.66666666666667,0.714285714285714
"CA-BN018_20180711","CA-BN018","20180711",2018,7,11,192,"Seine",3,28,"RACA",0,0,0
"CA-BN018_20180711","CA-BN018","20180711",2018,7,11,192,"Seine",3,28,"AMCA",0,0,0
"CA-BN018_20180711","CA-BN018","20180711",2018,7,11,192,"Seine",3,28,"BUBO",0,0,0
"CA-BN018_20180711","CA-BN018","20180711",2018,7,11,192,"Seine",3,28,"RADR",0,0,0
"CA-EDWD_20180614","CA-EDWD","20180614",2018,6,14,165,"Seine",3,20,"PSRE",70,23.3333333333333,3.5
"CA-EDWD_20180614","CA-EDWD","20180614",2018,6,14,165,"Seine",3,20,"TATO",0,0,0
"CA-EDWD_20180614","CA-EDWD","20180614",2018,6,14,165,"Seine",3,20,"RACA",0,0,0
"CA-EDWD_20180614","CA-EDWD","20180614",2018,6,14,165,"Seine",3,20,"AMCA",0,0,0
"CA-EDWD_20180614","CA-EDWD","20180614",2018,6,14,165,"Seine",3,20,"BUBO",0,0,0
"CA-EDWD_20180614","CA-EDWD","20180614",2018,6,14,165,"Seine",3,20,"RADR",0,0,0
"CA-MANZA_20180523","CA-MANZA","20180523",2018,5,23,143,"Seine",5,88,"PSRE",145,29,1.64772727272727
"CA-MANZA_20180523","CA-MANZA","20180523",2018,5,23,143,"Seine",5,88,"TATO",78,15.6,0.886363636363636
"CA-MANZA_20180523","CA-MANZA","20180523",2018,5,23,143,"Seine",5,88,"RACA",0,0,0
"CA-MANZA_20180523","CA-MANZA","20180523",2018,5,23,143,"Seine",5,88,"AMCA",0,0,0
"CA-MANZA_20180523","CA-MANZA","20180523",2018,5,23,143,"Seine",5,88,"BUBO",7,1.4,0.0795454545454545
"CA-MANZA_20180523","CA-MANZA","20180523",2018,5,23,143,"Seine",5,88,"RADR",3,0.6,0.0340909090909091
"CA-MANZA_20180630","CA-MANZA","20180630",2018,6,30,181,"Seine",4,67,"PSRE",19,4.75,0.283582089552239
"CA-MANZA_20180630","CA-MANZA","20180630",2018,6,30,181,"Seine",4,67,"TATO",76,19,1.13432835820896
"CA-MANZA_20180630","CA-MANZA","20180630",2018,6,30,181,"Seine",4,67,"RACA",1,0.25,0.0149253731343284
"CA-MANZA_20180630","CA-MANZA","20180630",2018,6,30,181,"Seine",4,67,"AMCA",0,0,0
"CA-MANZA_20180630","CA-MANZA","20180630",2018,6,30,181,"Seine",4,67,"BUBO",0,0,0
"CA-MANZA_20180630","CA-MANZA","20180630",2018,6,30,181,"Seine",4,67,"RADR",12,3,0.17910447761194
"CA-MUD65_20180604","CA-MUD65","20180604",2018,6,4,155,"Seine",5,61,"PSRE",60,12,0.983606557377049
"CA-MUD65_20180604","CA-MUD65","20180604",2018,6,4,155,"Seine",5,61,"TATO",87,17.4,1.42622950819672
"CA-MUD65_20180604","CA-MUD65","20180604",2018,6,4,155,"Seine",5,61,"RACA",0,0,0
"CA-MUD65_20180604","CA-MUD65","20180604",2018,6,4,155,"Seine",5,61,"AMCA",0,0,0
"CA-MUD65_20180604","CA-MUD65","20180604",2018,6,4,155,"Seine",5,61,"BUBO",0,0,0
"CA-MUD65_20180604","CA-MUD65","20180604",2018,6,4,155,"Seine",5,61,"RADR",0,0,0
"CA-MUD65_20180718","CA-MUD65","20180718",2018,7,18,199,"Seine",4,23,"PSRE",0,0,0
"CA-MUD65_20180718","CA-MUD65","20180718",2018,7,18,199,"Seine",4,23,"TATO",135,33.75,5.8695652173913
"CA-MUD65_20180718","CA-MUD65","20180718",2018,7,18,199,"Seine",4,23,"RACA",0,0,0
"CA-MUD65_20180718","CA-MUD65","20180718",2018,7,18,199,"Seine",4,23,"AMCA",0,0,0
"CA-MUD65_20180718","CA-MUD65","20180718",2018,7,18,199,"Seine",4,23,"BUBO",0,0,0
"CA-MUD65_20180718","CA-MUD65","20180718",2018,7,18,199,"Seine",4,23,"RADR",0,0,0
"CA-MUD66_20180604","CA-MUD66","20180604",2018,6,4,155,"Seine",3,15,"PSRE",19,6.33333333333333,1.26666666666667
"CA-MUD66_20180604","CA-MUD66","20180604",2018,6,4,155,"Seine",3,15,"TATO",0,0,0
"CA-MUD66_20180604","CA-MUD66","20180604",2018,6,4,155,"Seine",3,15,"RACA",0,0,0
"CA-MUD66_20180604","CA-MUD66","20180604",2018,6,4,155,"Seine",3,15,"AMCA",0,0,0
"CA-MUD66_20180604","CA-MUD66","20180604",2018,6,4,155,"Seine",3,15,"BUBO",0,0,0
"CA-MUD66_20180604","CA-MUD66","20180604",2018,6,4,155,"Seine",3,15,"RADR",0,0,0
"CA-MUD66_20180718","CA-MUD66","20180718",2018,7,18,199,"Seine",3,11,"PSRE",0,0,0
"CA-MUD66_20180718","CA-MUD66","20180718",2018,7,18,199,"Seine",3,11,"TATO",0,0,0
"CA-MUD66_20180718","CA-MUD66","20180718",2018,7,18,199,"Seine",3,11,"RACA",0,0,0
"CA-MUD66_20180718","CA-MUD66","20180718",2018,7,18,199,"Seine",3,11,"AMCA",0,0,0
"CA-MUD66_20180718","CA-MUD66","20180718",2018,7,18,199,"Seine",3,11,"BUBO",0,0,0
"CA-MUD66_20180718","CA-MUD66","20180718",2018,7,18,199,"Seine",3,11,"RADR",0,0,0
"CA-MUD67_20180604","CA-MUD67","20180604",2018,6,4,155,"Seine",3,30,"PSRE",9,3,0.3
"CA-MUD67_20180604","CA-MUD67","20180604",2018,6,4,155,"Seine",3,30,"TATO",16,5.33333333333333,0.533333333333333
"CA-MUD67_20180604","CA-MUD67","20180604",2018,6,4,155,"Seine",3,30,"RACA",0,0,0
"CA-MUD67_20180604","CA-MUD67","20180604",2018,6,4,155,"Seine",3,30,"AMCA",0,0,0
"CA-MUD67_20180604","CA-MUD67","20180604",2018,6,4,155,"Seine",3,30,"BUBO",0,0,0
"CA-MUD67_20180604","CA-MUD67","20180604",2018,6,4,155,"Seine",3,30,"RADR",0,0,0
"CA-MUD67_20180718","CA-MUD67","20180718",2018,7,18,199,"Seine",4,27,"PSRE",15,3.75,0.555555555555556
"CA-MUD67_20180718","CA-MUD67","20180718",2018,7,18,199,"Seine",4,27,"TATO",64,16,2.37037037037037
"CA-MUD67_20180718","CA-MUD67","20180718",2018,7,18,199,"Seine",4,27,"RACA",0,0,0
"CA-MUD67_20180718","CA-MUD67","20180718",2018,7,18,199,"Seine",4,27,"AMCA",0,0,0
"CA-MUD67_20180718","CA-MUD67","20180718",2018,7,18,199,"Seine",4,27,"BUBO",0,0,0
"CA-MUD67_20180718","CA-MUD67","20180718",2018,7,18,199,"Seine",4,27,"RADR",0,0,0
"CA-PIG_20180530","CA-PIG","20180530",2018,5,30,150,"Seine",4,38,"PSRE",52,13,1.36842105263158
"CA-PIG_20180530","CA-PIG","20180530",2018,5,30,150,"Seine",4,38,"TATO",118,29.5,3.10526315789474
"CA-PIG_20180530","CA-PIG","20180530",2018,5,30,150,"Seine",4,38,"RACA",0,0,0
"CA-PIG_20180530","CA-PIG","20180530",2018,5,30,150,"Seine",4,38,"AMCA",0,0,0
"CA-PIG_20180530","CA-PIG","20180530",2018,5,30,150,"Seine",4,38,"BUBO",4,1,0.105263157894737
"CA-PIG_20180530","CA-PIG","20180530",2018,5,30,150,"Seine",4,38,"RADR",0,0,0
"CA-PIG_20180717","CA-PIG","20180717",2018,7,17,198,"Seine",4,66,"PSRE",0,0,0
"CA-PIG_20180717","CA-PIG","20180717",2018,7,17,198,"Seine",4,66,"TATO",174,43.5,2.63636363636364
"CA-PIG_20180717","CA-PIG","20180717",2018,7,17,198,"Seine",4,66,"RACA",0,0,0
"CA-PIG_20180717","CA-PIG","20180717",2018,7,17,198,"Seine",4,66,"AMCA",0,0,0
"CA-PIG_20180717","CA-PIG","20180717",2018,7,17,198,"Seine",4,66,"BUBO",0,0,0
"CA-PIG_20180717","CA-PIG","20180717",2018,7,17,198,"Seine",4,66,"RADR",0,0,0
"CA-ROSEN_20180623","CA-ROSEN","20180623",2018,6,23,174,"Seine",5,65,"PSRE",3,0.6,0.0461538461538462
"CA-ROSEN_20180623","CA-ROSEN","20180623",2018,6,23,174,"Seine",5,65,"TATO",20,4,0.307692307692308
"CA-ROSEN_20180623","CA-ROSEN","20180623",2018,6,23,174,"Seine",5,65,"RACA",0,0,0
"CA-ROSEN_20180623","CA-ROSEN","20180623",2018,6,23,174,"Seine",5,65,"AMCA",0,0,0
"CA-ROSEN_20180623","CA-ROSEN","20180623",2018,6,23,174,"Seine",5,65,"BUBO",0,0,0
"CA-ROSEN_20180623","CA-ROSEN","20180623",2018,6,23,174,"Seine",5,65,"RADR",0,0,0
"CabinBOR_20180530","CabinBOR","20180530",2018,5,30,150,"Seine",4,44,"PSRE",0,0,0
"CabinBOR_20180530","CabinBOR","20180530",2018,5,30,150,"Seine",4,44,"TATO",0,0,0
"CabinBOR_20180530","CabinBOR","20180530",2018,5,30,150,"Seine",4,44,"RACA",0,0,0
"CabinBOR_20180530","CabinBOR","20180530",2018,5,30,150,"Seine",4,44,"AMCA",0,0,0
"CabinBOR_20180530","CabinBOR","20180530",2018,5,30,150,"Seine",4,44,"BUBO",0,0,0
"CabinBOR_20180530","CabinBOR","20180530",2018,5,30,150,"Seine",4,44,"RADR",0,0,0
"CabinBOR_20180712","CabinBOR","20180712",2018,7,12,193,"Seine",4,57,"PSRE",0,0,0
"CabinBOR_20180712","CabinBOR","20180712",2018,7,12,193,"Seine",4,57,"TATO",0,0,0
"CabinBOR_20180712","CabinBOR","20180712",2018,7,12,193,"Seine",4,57,"RACA",0,0,0
"CabinBOR_20180712","CabinBOR","20180712",2018,7,12,193,"Seine",4,57,"AMCA",0,0,0
"CabinBOR_20180712","CabinBOR","20180712",2018,7,12,193,"Seine",4,57,"BUBO",0,0,0
"CabinBOR_20180712","CabinBOR","20180712",2018,7,12,193,"Seine",4,57,"RADR",0,0,0
"DRVL_20180601","DRVL","20180601",2018,6,1,152,"Seine",3,54,"PSRE",55,18.3333333333333,1.01851851851852
"DRVL_20180601","DRVL","20180601",2018,6,1,152,"Seine",3,54,"TATO",0,0,0
"DRVL_20180601","DRVL","20180601",2018,6,1,152,"Seine",3,54,"RACA",0,0,0
"DRVL_20180601","DRVL","20180601",2018,6,1,152,"Seine",3,54,"AMCA",2,0.666666666666667,0.037037037037037
"DRVL_20180601","DRVL","20180601",2018,6,1,152,"Seine",3,54,"BUBO",0,0,0
"DRVL_20180601","DRVL","20180601",2018,6,1,152,"Seine",3,54,"RADR",1,0.333333333333333,0.0185185185185185
"EagleGCP_20180530","EagleGCP","20180530",2018,5,30,150,"Seine",5,56,"PSRE",0,0,0
"EagleGCP_20180530","EagleGCP","20180530",2018,5,30,150,"Seine",5,56,"TATO",0,0,0
"EagleGCP_20180530","EagleGCP","20180530",2018,5,30,150,"Seine",5,56,"RACA",0,0,0
"EagleGCP_20180530","EagleGCP","20180530",2018,5,30,150,"Seine",5,56,"AMCA",0,0,0
"EagleGCP_20180530","EagleGCP","20180530",2018,5,30,150,"Seine",5,56,"BUBO",0,0,0
"EagleGCP_20180530","EagleGCP","20180530",2018,5,30,150,"Seine",5,56,"RADR",0,0,0
"EagleGCP_20180717","EagleGCP","20180717",2018,7,17,198,"Seine",5,74,"PSRE",0,0,0
"EagleGCP_20180717","EagleGCP","20180717",2018,7,17,198,"Seine",5,74,"TATO",0,0,0
"EagleGCP_20180717","EagleGCP","20180717",2018,7,17,198,"Seine",5,74,"RACA",0,0,0
"EagleGCP_20180717","EagleGCP","20180717",2018,7,17,198,"Seine",5,74,"AMCA",0,0,0
"EagleGCP_20180717","EagleGCP","20180717",2018,7,17,198,"Seine",5,74,"BUBO",0,0,0
"EagleGCP_20180717","EagleGCP","20180717",2018,7,17,198,"Seine",5,74,"RADR",0,0,0
"Frog_20180709","Frog","20180709",2018,7,9,190,"Seine",4,25,"PSRE",0,0,0
"Frog_20180709","Frog","20180709",2018,7,9,190,"Seine",4,25,"TATO",0,0,0
"Frog_20180709","Frog","20180709",2018,7,9,190,"Seine",4,25,"RACA",0,0,0
"Frog_20180709","Frog","20180709",2018,7,9,190,"Seine",4,25,"AMCA",0,0,0
"Frog_20180709","Frog","20180709",2018,7,9,190,"Seine",4,25,"BUBO",0,0,0
"Frog_20180709","Frog","20180709",2018,7,9,190,"Seine",4,25,"RADR",0,0,0
"GDPND001_20180528","GDPND001","20180528",2018,5,28,148,"Seine",4,32,"PSRE",0,0,0
"GDPND001_20180528","GDPND001","20180528",2018,5,28,148,"Seine",4,32,"TATO",3,0.75,0.09375
"GDPND001_20180528","GDPND001","20180528",2018,5,28,148,"Seine",4,32,"RACA",0,0,0
"GDPND001_20180528","GDPND001","20180528",2018,5,28,148,"Seine",4,32,"AMCA",0,0,0
"GDPND001_20180528","GDPND001","20180528",2018,5,28,148,"Seine",4,32,"BUBO",0,0,0
"GDPND001_20180528","GDPND001","20180528",2018,5,28,148,"Seine",4,32,"RADR",0,0,0
"GDPND001_20180626","GDPND001","20180626",2018,6,26,177,"Seine",5,66,"PSRE",0,0,0
"GDPND001_20180626","GDPND001","20180626",2018,6,26,177,"Seine",5,66,"TATO",0,0,0
"GDPND001_20180626","GDPND001","20180626",2018,6,26,177,"Seine",5,66,"RACA",0,0,0
"GDPND001_20180626","GDPND001","20180626",2018,6,26,177,"Seine",5,66,"AMCA",0,0,0
"GDPND001_20180626","GDPND001","20180626",2018,6,26,177,"Seine",5,66,"BUBO",0,0,0
"GDPND001_20180626","GDPND001","20180626",2018,6,26,177,"Seine",5,66,"RADR",0,0,0
"GDPND004_20180528","GDPND004","20180528",2018,5,28,148,"Seine",3,25,"PSRE",0,0,0
"GDPND004_20180528","GDPND004","20180528",2018,5,28,148,"Seine",3,25,"TATO",1,0.333333333333333,0.04
"GDPND004_20180528","GDPND004","20180528",2018,5,28,148,"Seine",3,25,"RACA",0,0,0
"GDPND004_20180528","GDPND004","20180528",2018,5,28,148,"Seine",3,25,"AMCA",0,0,0
"GDPND004_20180528","GDPND004","20180528",2018,5,28,148,"Seine",3,25,"BUBO",0,0,0
"GDPND004_20180528","GDPND004","20180528",2018,5,28,148,"Seine",3,25,"RADR",0,0,0
"GDPND004_20180626","GDPND004","20180626",2018,6,26,177,"Seine",3,11,"PSRE",0,0,0
"GDPND004_20180626","GDPND004","20180626",2018,6,26,177,"Seine",3,11,"TATO",0,0,0
"GDPND004_20180626","GDPND004","20180626",2018,6,26,177,"Seine",3,11,"RACA",0,0,0
"GDPND004_20180626","GDPND004","20180626",2018,6,26,177,"Seine",3,11,"AMCA",0,0,0
"GDPND004_20180626","GDPND004","20180626",2018,6,26,177,"Seine",3,11,"BUBO",0,0,0
"GDPND004_20180626","GDPND004","20180626",2018,6,26,177,"Seine",3,11,"RADR",0,0,0
"GDPND005_20180528","GDPND005","20180528",2018,5,28,148,"Seine",3,32,"PSRE",16,5.33333333333333,0.5
"GDPND005_20180528","GDPND005","20180528",2018,5,28,148,"Seine",3,32,"TATO",66,22,2.0625
"GDPND005_20180528","GDPND005","20180528",2018,5,28,148,"Seine",3,32,"RACA",0,0,0
"GDPND005_20180528","GDPND005","20180528",2018,5,28,148,"Seine",3,32,"AMCA",0,0,0
"GDPND005_20180528","GDPND005","20180528",2018,5,28,148,"Seine",3,32,"BUBO",0,0,0
"GDPND005_20180528","GDPND005","20180528",2018,5,28,148,"Seine",3,32,"RADR",15,5,0.46875
"GDPND005_20180626","GDPND005","20180626",2018,6,26,177,"Seine",3,46,"PSRE",3,1,0.0652173913043478
"GDPND005_20180626","GDPND005","20180626",2018,6,26,177,"Seine",3,46,"TATO",16,5.33333333333333,0.347826086956522
"GDPND005_20180626","GDPND005","20180626",2018,6,26,177,"Seine",3,46,"RACA",0,0,0
"GDPND005_20180626","GDPND005","20180626",2018,6,26,177,"Seine",3,46,"AMCA",0,0,0
"GDPND005_20180626","GDPND005","20180626",2018,6,26,177,"Seine",3,46,"BUBO",0,0,0
"GDPND005_20180626","GDPND005","20180626",2018,6,26,177,"Seine",3,46,"RADR",1,0.333333333333333,0.0217391304347826
"GDPND006_20180528","GDPND006","20180528",2018,5,28,148,"Seine",3,18,"PSRE",31,10.3333333333333,1.72222222222222
"GDPND006_20180528","GDPND006","20180528",2018,5,28,148,"Seine",3,18,"TATO",46,15.3333333333333,2.55555555555556
"GDPND006_20180528","GDPND006","20180528",2018,5,28,148,"Seine",3,18,"RACA",0,0,0
"GDPND006_20180528","GDPND006","20180528",2018,5,28,148,"Seine",3,18,"AMCA",0,0,0
"GDPND006_20180528","GDPND006","20180528",2018,5,28,148,"Seine",3,18,"BUBO",0,0,0
"GDPND006_20180528","GDPND006","20180528",2018,5,28,148,"Seine",3,18,"RADR",22,7.33333333333333,1.22222222222222
"GDPND006_20180626","GDPND006","20180626",2018,6,26,177,"Seine",3,20,"PSRE",37,12.3333333333333,1.85
"GDPND006_20180626","GDPND006","20180626",2018,6,26,177,"Seine",3,20,"TATO",43,14.3333333333333,2.15
"GDPND006_20180626","GDPND006","20180626",2018,6,26,177,"Seine",3,20,"RACA",0,0,0
"GDPND006_20180626","GDPND006","20180626",2018,6,26,177,"Seine",3,20,"AMCA",0,0,0
"GDPND006_20180626","GDPND006","20180626",2018,6,26,177,"Seine",3,20,"BUBO",0,0,0
"GDPND006_20180626","GDPND006","20180626",2018,6,26,177,"Seine",3,20,"RADR",9,3,0.45
"GDPND008_20180528","GDPND008","20180528",2018,5,28,148,"Seine",4,38,"PSRE",217,54.25,5.71052631578947
"GDPND008_20180528","GDPND008","20180528",2018,5,28,148,"Seine",4,38,"TATO",120,30,3.15789473684211
"GDPND008_20180528","GDPND008","20180528",2018,5,28,148,"Seine",4,38,"RACA",0,0,0
"GDPND008_20180528","GDPND008","20180528",2018,5,28,148,"Seine",4,38,"AMCA",0,0,0
"GDPND008_20180528","GDPND008","20180528",2018,5,28,148,"Seine",4,38,"BUBO",0,0,0
"GDPND008_20180528","GDPND008","20180528",2018,5,28,148,"Seine",4,38,"RADR",0,0,0
"GDPND008_20180626","GDPND008","20180626",2018,6,26,177,"Seine",3,13.5,"PSRE",15,5,1.11111111111111
"GDPND008_20180626","GDPND008","20180626",2018,6,26,177,"Seine",3,13.5,"TATO",37,12.3333333333333,2.74074074074074
"GDPND008_20180626","GDPND008","20180626",2018,6,26,177,"Seine",3,13.5,"RACA",0,0,0
"GDPND008_20180626","GDPND008","20180626",2018,6,26,177,"Seine",3,13.5,"AMCA",0,0,0
"GDPND008_20180626","GDPND008","20180626",2018,6,26,177,"Seine",3,13.5,"BUBO",0,0,0
"GDPND008_20180626","GDPND008","20180626",2018,6,26,177,"Seine",3,13.5,"RADR",0,0,0
"GDPND014_20180528","GDPND014","20180528",2018,5,28,148,"Seine",3,27,"PSRE",47,15.6666666666667,1.74074074074074
"GDPND014_20180528","GDPND014","20180528",2018,5,28,148,"Seine",3,27,"TATO",42,14,1.55555555555556
"GDPND014_20180528","GDPND014","20180528",2018,5,28,148,"Seine",3,27,"RACA",0,0,0
"GDPND014_20180528","GDPND014","20180528",2018,5,28,148,"Seine",3,27,"AMCA",0,0,0
"GDPND014_20180528","GDPND014","20180528",2018,5,28,148,"Seine",3,27,"BUBO",0,0,0
"GDPND014_20180528","GDPND014","20180528",2018,5,28,148,"Seine",3,27,"RADR",4,1.33333333333333,0.148148148148148
"GDPND014_20180626","GDPND014","20180626",2018,6,26,177,"Seine",3,17,"PSRE",10,3.33333333333333,0.588235294117647
"GDPND014_20180626","GDPND014","20180626",2018,6,26,177,"Seine",3,17,"TATO",19,6.33333333333333,1.11764705882353
"GDPND014_20180626","GDPND014","20180626",2018,6,26,177,"Seine",3,17,"RACA",0,0,0
"GDPND014_20180626","GDPND014","20180626",2018,6,26,177,"Seine",3,17,"AMCA",0,0,0
"GDPND014_20180626","GDPND014","20180626",2018,6,26,177,"Seine",3,17,"BUBO",0,0,0
"GDPND014_20180626","GDPND014","20180626",2018,6,26,177,"Seine",3,17,"RADR",2,0.666666666666667,0.117647058823529
"GLORGCP_20180523","GLORGCP","20180523",2018,5,23,143,"Seine",3,36,"PSRE",17,5.66666666666667,0.472222222222222
"GLORGCP_20180523","GLORGCP","20180523",2018,5,23,143,"Seine",3,36,"TATO",40,13.3333333333333,1.11111111111111
"GLORGCP_20180523","GLORGCP","20180523",2018,5,23,143,"Seine",3,36,"RACA",0,0,0
"GLORGCP_20180523","GLORGCP","20180523",2018,5,23,143,"Seine",3,36,"AMCA",0,0,0
"GLORGCP_20180523","GLORGCP","20180523",2018,5,23,143,"Seine",3,36,"BUBO",80,26.6666666666667,2.22222222222222
"GLORGCP_20180523","GLORGCP","20180523",2018,5,23,143,"Seine",3,36,"RADR",0,0,0
"GLORGCP_20180630","GLORGCP","20180630",2018,6,30,181,"Seine",3,29,"PSRE",7,2.33333333333333,0.241379310344828
"GLORGCP_20180630","GLORGCP","20180630",2018,6,30,181,"Seine",3,29,"TATO",4,1.33333333333333,0.137931034482759
"GLORGCP_20180630","GLORGCP","20180630",2018,6,30,181,"Seine",3,29,"RACA",0,0,0
"GLORGCP_20180630","GLORGCP","20180630",2018,6,30,181,"Seine",3,29,"AMCA",0,0,0
"GLORGCP_20180630","GLORGCP","20180630",2018,6,30,181,"Seine",3,29,"BUBO",0,0,0
"GLORGCP_20180630","GLORGCP","20180630",2018,6,30,181,"Seine",3,29,"RADR",0,0,0
"GrampBOR_20180613","GrampBOR","20180613",2018,6,13,164,"Seine",3,30,"PSRE",0,0,0
"GrampBOR_20180613","GrampBOR","20180613",2018,6,13,164,"Seine",3,30,"TATO",0,0,0
"GrampBOR_20180613","GrampBOR","20180613",2018,6,13,164,"Seine",3,30,"RACA",0,0,0
"GrampBOR_20180613","GrampBOR","20180613",2018,6,13,164,"Seine",3,30,"AMCA",0,0,0
"GrampBOR_20180613","GrampBOR","20180613",2018,6,13,164,"Seine",3,30,"BUBO",0,0,0
"GrampBOR_20180613","GrampBOR","20180613",2018,6,13,164,"Seine",3,30,"RADR",0,0,0
"GrampBOR_20180712","GrampBOR","20180712",2018,7,12,193,"Seine",3,54,"PSRE",0,0,0
"GrampBOR_20180712","GrampBOR","20180712",2018,7,12,193,"Seine",3,54,"TATO",0,0,0
"GrampBOR_20180712","GrampBOR","20180712",2018,7,12,193,"Seine",3,54,"RACA",0,0,0
"GrampBOR_20180712","GrampBOR","20180712",2018,7,12,193,"Seine",3,54,"AMCA",0,0,0
"GrampBOR_20180712","GrampBOR","20180712",2018,7,12,193,"Seine",3,54,"BUBO",0,0,0
"GrampBOR_20180712","GrampBOR","20180712",2018,7,12,193,"Seine",3,54,"RADR",0,0,0
"HERONGCP_20180614","HERONGCP","20180614",2018,6,14,165,"Seine",3,34,"PSRE",2,0.666666666666667,0.0588235294117647
"HERONGCP_20180614","HERONGCP","20180614",2018,6,14,165,"Seine",3,34,"TATO",0,0,0
"HERONGCP_20180614","HERONGCP","20180614",2018,6,14,165,"Seine",3,34,"RACA",0,0,0
"HERONGCP_20180614","HERONGCP","20180614",2018,6,14,165,"Seine",3,34,"AMCA",0,0,0
"HERONGCP_20180614","HERONGCP","20180614",2018,6,14,165,"Seine",3,34,"BUBO",1,0.333333333333333,0.0294117647058824
"HERONGCP_20180614","HERONGCP","20180614",2018,6,14,165,"Seine",3,34,"RADR",0,0,0
"HERONGCP_20180717","HERONGCP","20180717",2018,7,17,198,"Seine",3,55,"PSRE",0,0,0
"HERONGCP_20180717","HERONGCP","20180717",2018,7,17,198,"Seine",3,55,"TATO",0,0,0
"HERONGCP_20180717","HERONGCP","20180717",2018,7,17,198,"Seine",3,55,"RACA",0,0,0
"HERONGCP_20180717","HERONGCP","20180717",2018,7,17,198,"Seine",3,55,"AMCA",23,7.66666666666667,0.418181818181818
"HERONGCP_20180717","HERONGCP","20180717",2018,7,17,198,"Seine",3,55,"BUBO",0,0,0
"HERONGCP_20180717","HERONGCP","20180717",2018,7,17,198,"Seine",3,55,"RADR",0,0,0
"Hidden_20180709","Hidden","20180709",2018,7,9,190,"Seine",5,40,"PSRE",0,0,0
"Hidden_20180709","Hidden","20180709",2018,7,9,190,"Seine",5,40,"TATO",0,0,0
"Hidden_20180709","Hidden","20180709",2018,7,9,190,"Seine",5,40,"RACA",0,0,0
"Hidden_20180709","Hidden","20180709",2018,7,9,190,"Seine",5,40,"AMCA",0,0,0
"Hidden_20180709","Hidden","20180709",2018,7,9,190,"Seine",5,40,"BUBO",0,0,0
"Hidden_20180709","Hidden","20180709",2018,7,9,190,"Seine",5,40,"RADR",0,0,0
"JuncBOR_20180525","JuncBOR","20180525",2018,5,25,145,"Seine",3,28,"PSRE",0,0,0
"JuncBOR_20180525","JuncBOR","20180525",2018,5,25,145,"Seine",3,28,"TATO",0,0,0
"JuncBOR_20180525","JuncBOR","20180525",2018,5,25,145,"Seine",3,28,"RACA",0,0,0
"JuncBOR_20180525","JuncBOR","20180525",2018,5,25,145,"Seine",3,28,"AMCA",0,0,0
"JuncBOR_20180525","JuncBOR","20180525",2018,5,25,145,"Seine",3,28,"BUBO",0,0,0
"JuncBOR_20180525","JuncBOR","20180525",2018,5,25,145,"Seine",3,28,"RADR",0,0,0
"KAMM_20180515","KAMM","20180515",2018,5,15,135,"Seine",5,45,"PSRE",70,14,1.55555555555556
"KAMM_20180515","KAMM","20180515",2018,5,15,135,"Seine",5,45,"TATO",206,41.2,4.57777777777778
"KAMM_20180515","KAMM","20180515",2018,5,15,135,"Seine",5,45,"RACA",5,1,0.111111111111111
"KAMM_20180515","KAMM","20180515",2018,5,15,135,"Seine",5,45,"AMCA",0,0,0
"KAMM_20180515","KAMM","20180515",2018,5,15,135,"Seine",5,45,"BUBO",33,6.6,0.733333333333333
"KAMM_20180515","KAMM","20180515",2018,5,15,135,"Seine",5,45,"RADR",0,0,0
"KAMM_20180620","KAMM","20180620",2018,6,20,171,"Seine",3,39,"PSRE",16,5.33333333333333,0.41025641025641
"KAMM_20180620","KAMM","20180620",2018,6,20,171,"Seine",3,39,"TATO",0,0,0
"KAMM_20180620","KAMM","20180620",2018,6,20,171,"Seine",3,39,"RACA",14,4.66666666666667,0.358974358974359
"KAMM_20180620","KAMM","20180620",2018,6,20,171,"Seine",3,39,"AMCA",0,0,0
"KAMM_20180620","KAMM","20180620",2018,6,20,171,"Seine",3,39,"BUBO",125,41.6666666666667,3.20512820512821
"KAMM_20180620","KAMM","20180620",2018,6,20,171,"Seine",3,39,"RADR",0,0,0
"MUD39_20180612","MUD39","20180612",2018,6,12,163,"Seine",3,32,"PSRE",111,37,3.46875
"MUD39_20180612","MUD39","20180612",2018,6,12,163,"Seine",3,32,"TATO",37,12.3333333333333,1.15625
"MUD39_20180612","MUD39","20180612",2018,6,12,163,"Seine",3,32,"RACA",0,0,0
"MUD39_20180612","MUD39","20180612",2018,6,12,163,"Seine",3,32,"AMCA",0,0,0
"MUD39_20180612","MUD39","20180612",2018,6,12,163,"Seine",3,32,"BUBO",0,0,0
"MUD39_20180612","MUD39","20180612",2018,6,12,163,"Seine",3,32,"RADR",0,0,0
"MUD39_20180701","MUD39","20180701",2018,7,1,182,"Seine",3,21,"PSRE",6,2,0.285714285714286
"MUD39_20180701","MUD39","20180701",2018,7,1,182,"Seine",3,21,"TATO",3,1,0.142857142857143
"MUD39_20180701","MUD39","20180701",2018,7,1,182,"Seine",3,21,"RACA",0,0,0
"MUD39_20180701","MUD39","20180701",2018,7,1,182,"Seine",3,21,"AMCA",0,0,0
"MUD39_20180701","MUD39","20180701",2018,7,1,182,"Seine",3,21,"BUBO",0,0,0
"MUD39_20180701","MUD39","20180701",2018,7,1,182,"Seine",3,21,"RADR",0,0,0
"MUD40_20180612","MUD40","20180612",2018,6,12,163,"Seine",3,17,"PSRE",14,4.66666666666667,0.823529411764706
"MUD40_20180612","MUD40","20180612",2018,6,12,163,"Seine",3,17,"TATO",7,2.33333333333333,0.411764705882353
"MUD40_20180612","MUD40","20180612",2018,6,12,163,"Seine",3,17,"RACA",0,0,0
"MUD40_20180612","MUD40","20180612",2018,6,12,163,"Seine",3,17,"AMCA",0,0,0
"MUD40_20180612","MUD40","20180612",2018,6,12,163,"Seine",3,17,"BUBO",0,0,0
"MUD40_20180612","MUD40","20180612",2018,6,12,163,"Seine",3,17,"RADR",1,0.333333333333333,0.0588235294117647
"MUD40_20180701","MUD40","20180701",2018,7,1,182,"Seine",3,36,"PSRE",9,3,0.25
"MUD40_20180701","MUD40","20180701",2018,7,1,182,"Seine",3,36,"TATO",33,11,0.916666666666667
"MUD40_20180701","MUD40","20180701",2018,7,1,182,"Seine",3,36,"RACA",0,0,0
"MUD40_20180701","MUD40","20180701",2018,7,1,182,"Seine",3,36,"AMCA",0,0,0
"MUD40_20180701","MUD40","20180701",2018,7,1,182,"Seine",3,36,"BUBO",0,0,0
"MUD40_20180701","MUD40","20180701",2018,7,1,182,"Seine",3,36,"RADR",4,1.33333333333333,0.111111111111111
"MUD41_20180612","MUD41","20180612",2018,6,12,163,"Seine",3,22,"PSRE",8,2.66666666666667,0.363636363636364
"MUD41_20180612","MUD41","20180612",2018,6,12,163,"Seine",3,22,"TATO",2,0.666666666666667,0.0909090909090909
"MUD41_20180612","MUD41","20180612",2018,6,12,163,"Seine",3,22,"RACA",0,0,0
"MUD41_20180612","MUD41","20180612",2018,6,12,163,"Seine",3,22,"AMCA",0,0,0
"MUD41_20180612","MUD41","20180612",2018,6,12,163,"Seine",3,22,"BUBO",0,0,0
"MUD41_20180612","MUD41","20180612",2018,6,12,163,"Seine",3,22,"RADR",0,0,0
"MUD41_20180701","MUD41","20180701",2018,7,1,182,"Seine",3,31,"PSRE",10,3.33333333333333,0.32258064516129
"MUD41_20180701","MUD41","20180701",2018,7,1,182,"Seine",3,31,"TATO",4,1.33333333333333,0.129032258064516
"MUD41_20180701","MUD41","20180701",2018,7,1,182,"Seine",3,31,"RACA",0,0,0
"MUD41_20180701","MUD41","20180701",2018,7,1,182,"Seine",3,31,"AMCA",0,0,0
"MUD41_20180701","MUD41","20180701",2018,7,1,182,"Seine",3,31,"BUBO",0,0,0
"MUD41_20180701","MUD41","20180701",2018,7,1,182,"Seine",3,31,"RADR",0,0,0
"MUD74_20180604","MUD74","20180604",2018,6,4,155,"Seine",3,41,"PSRE",188,62.6666666666667,4.58536585365854
"MUD74_20180604","MUD74","20180604",2018,6,4,155,"Seine",3,41,"TATO",8,2.66666666666667,0.195121951219512
"MUD74_20180604","MUD74","20180604",2018,6,4,155,"Seine",3,41,"RACA",0,0,0
"MUD74_20180604","MUD74","20180604",2018,6,4,155,"Seine",3,41,"AMCA",0,0,0
"MUD74_20180604","MUD74","20180604",2018,6,4,155,"Seine",3,41,"BUBO",19,6.33333333333333,0.463414634146341
"MUD74_20180604","MUD74","20180604",2018,6,4,155,"Seine",3,41,"RADR",1,0.333333333333333,0.024390243902439
"MUD77_20180604","MUD77","20180604",2018,6,4,155,"Seine",3,39,"PSRE",0,0,0
"MUD77_20180604","MUD77","20180604",2018,6,4,155,"Seine",3,39,"TATO",0,0,0
"MUD77_20180604","MUD77","20180604",2018,6,4,155,"Seine",3,39,"RACA",0,0,0
"MUD77_20180604","MUD77","20180604",2018,6,4,155,"Seine",3,39,"AMCA",0,0,0
"MUD77_20180604","MUD77","20180604",2018,6,4,155,"Seine",3,39,"BUBO",0,0,0
"MUD77_20180604","MUD77","20180604",2018,6,4,155,"Seine",3,39,"RADR",0,0,0
"MUDEF_20180612","MUDEF","20180612",2018,6,12,163,"Seine",4,16.5,"PSRE",22,5.5,1.33333333333333
"MUDEF_20180612","MUDEF","20180612",2018,6,12,163,"Seine",4,16.5,"TATO",124,31,7.51515151515152
"MUDEF_20180612","MUDEF","20180612",2018,6,12,163,"Seine",4,16.5,"RACA",0,0,0
"MUDEF_20180612","MUDEF","20180612",2018,6,12,163,"Seine",4,16.5,"AMCA",0,0,0
"MUDEF_20180612","MUDEF","20180612",2018,6,12,163,"Seine",4,16.5,"BUBO",0,0,0
"MUDEF_20180612","MUDEF","20180612",2018,6,12,163,"Seine",4,16.5,"RADR",0,0,0
"MUDEF_20180701","MUDEF","20180701",2018,7,1,182,"Seine",5,42,"PSRE",13,2.6,0.30952380952381
"MUDEF_20180701","MUDEF","20180701",2018,7,1,182,"Seine",5,42,"TATO",117,23.4,2.78571428571429
"MUDEF_20180701","MUDEF","20180701",2018,7,1,182,"Seine",5,42,"RACA",0,0,0
"MUDEF_20180701","MUDEF","20180701",2018,7,1,182,"Seine",5,42,"AMCA",0,0,0
"MUDEF_20180701","MUDEF","20180701",2018,7,1,182,"Seine",5,42,"BUBO",0,0,0
"MUDEF_20180701","MUDEF","20180701",2018,7,1,182,"Seine",5,42,"RADR",0,0,0
"MUDGCP_20180601","MUDGCP","20180601",2018,6,1,152,"Seine",3,35,"PSRE",43,14.3333333333333,1.22857142857143
"MUDGCP_20180601","MUDGCP","20180601",2018,6,1,152,"Seine",3,35,"TATO",0,0,0
"MUDGCP_20180601","MUDGCP","20180601",2018,6,1,152,"Seine",3,35,"RACA",0,0,0
"MUDGCP_20180601","MUDGCP","20180601",2018,6,1,152,"Seine",3,35,"AMCA",2,0.666666666666667,0.0571428571428571
"MUDGCP_20180601","MUDGCP","20180601",2018,6,1,152,"Seine",3,35,"BUBO",0,0,0
"MUDGCP_20180601","MUDGCP","20180601",2018,6,1,152,"Seine",3,35,"RADR",0,0,0
"MUDRS_20180612","MUDRS","20180612",2018,6,12,163,"Seine",3,24,"PSRE",245,81.6666666666667,10.2083333333333
"MUDRS_20180612","MUDRS","20180612",2018,6,12,163,"Seine",3,24,"TATO",82,27.3333333333333,3.41666666666667
"MUDRS_20180612","MUDRS","20180612",2018,6,12,163,"Seine",3,24,"RACA",0,0,0
"MUDRS_20180612","MUDRS","20180612",2018,6,12,163,"Seine",3,24,"AMCA",0,0,0
"MUDRS_20180612","MUDRS","20180612",2018,6,12,163,"Seine",3,24,"BUBO",0,0,0
"MUDRS_20180612","MUDRS","20180612",2018,6,12,163,"Seine",3,24,"RADR",0,0,0
"MUDRS_20180701","MUDRS","20180701",2018,7,1,182,"Seine",3,17,"PSRE",19,6.33333333333333,1.11764705882353
"MUDRS_20180701","MUDRS","20180701",2018,7,1,182,"Seine",3,17,"TATO",62,20.6666666666667,3.64705882352941
"MUDRS_20180701","MUDRS","20180701",2018,7,1,182,"Seine",3,17,"RACA",0,0,0
"MUDRS_20180701","MUDRS","20180701",2018,7,1,182,"Seine",3,17,"AMCA",0,0,0
"MUDRS_20180701","MUDRS","20180701",2018,7,1,182,"Seine",3,17,"BUBO",0,0,0
"MUDRS_20180701","MUDRS","20180701",2018,7,1,182,"Seine",3,17,"RADR",0,0,0
"NBOR_20180518","NBOR","20180518",2018,5,18,138,"Seine",3,38,"PSRE",277,92.3333333333333,7.28947368421053
"NBOR_20180518","NBOR","20180518",2018,5,18,138,"Seine",3,38,"TATO",0,0,0
"NBOR_20180518","NBOR","20180518",2018,5,18,138,"Seine",3,38,"RACA",0,0,0
"NBOR_20180518","NBOR","20180518",2018,5,18,138,"Seine",3,38,"AMCA",0,0,0
"NBOR_20180518","NBOR","20180518",2018,5,18,138,"Seine",3,38,"BUBO",0,0,0
"NBOR_20180518","NBOR","20180518",2018,5,18,138,"Seine",3,38,"RADR",0,0,0
"NorthGCP_20180523","NorthGCP","20180523",2018,5,23,143,"Seine",3,29,"PSRE",0,0,0
"NorthGCP_20180523","NorthGCP","20180523",2018,5,23,143,"Seine",3,29,"TATO",0,0,0
"NorthGCP_20180523","NorthGCP","20180523",2018,5,23,143,"Seine",3,29,"RACA",0,0,0
"NorthGCP_20180523","NorthGCP","20180523",2018,5,23,143,"Seine",3,29,"AMCA",0,0,0
"NorthGCP_20180523","NorthGCP","20180523",2018,5,23,143,"Seine",3,29,"BUBO",0,0,0
"NorthGCP_20180523","NorthGCP","20180523",2018,5,23,143,"Seine",3,29,"RADR",0,0,0
"NorthGCP_20180630","NorthGCP","20180630",2018,6,30,181,"Seine",3,28,"PSRE",0,0,0
"NorthGCP_20180630","NorthGCP","20180630",2018,6,30,181,"Seine",3,28,"TATO",0,0,0
"NorthGCP_20180630","NorthGCP","20180630",2018,6,30,181,"Seine",3,28,"RACA",0,0,0
"NorthGCP_20180630","NorthGCP","20180630",2018,6,30,181,"Seine",3,28,"AMCA",0,0,0
"NorthGCP_20180630","NorthGCP","20180630",2018,6,30,181,"Seine",3,28,"BUBO",0,0,0
"NorthGCP_20180630","NorthGCP","20180630",2018,6,30,181,"Seine",3,28,"RADR",0,0,0
"NTalkGCP_20180530","NTalkGCP","20180530",2018,5,30,150,"Seine",3,26,"PSRE",0,0,0
"NTalkGCP_20180530","NTalkGCP","20180530",2018,5,30,150,"Seine",3,26,"TATO",0,0,0
"NTalkGCP_20180530","NTalkGCP","20180530",2018,5,30,150,"Seine",3,26,"RACA",0,0,0
"NTalkGCP_20180530","NTalkGCP","20180530",2018,5,30,150,"Seine",3,26,"AMCA",0,0,0
"NTalkGCP_20180530","NTalkGCP","20180530",2018,5,30,150,"Seine",3,26,"BUBO",0,0,0
"NTalkGCP_20180530","NTalkGCP","20180530",2018,5,30,150,"Seine",3,26,"RADR",0,0,0
"NTalkGCP_20180630","NTalkGCP","20180630",2018,6,30,181,"Seine",3,10,"PSRE",0,0,0
"NTalkGCP_20180630","NTalkGCP","20180630",2018,6,30,181,"Seine",3,10,"TATO",0,0,0
"NTalkGCP_20180630","NTalkGCP","20180630",2018,6,30,181,"Seine",3,10,"RACA",0,0,0
"NTalkGCP_20180630","NTalkGCP","20180630",2018,6,30,181,"Seine",3,10,"AMCA",0,0,0
"NTalkGCP_20180630","NTalkGCP","20180630",2018,6,30,181,"Seine",3,10,"BUBO",0,0,0
"NTalkGCP_20180630","NTalkGCP","20180630",2018,6,30,181,"Seine",3,10,"RADR",0,0,0
"PPKBOR_20180514","PPKBOR","20180514",2018,5,14,134,"Seine",3,36,"PSRE",647,215.666666666667,17.9722222222222
"PPKBOR_20180514","PPKBOR","20180514",2018,5,14,134,"Seine",3,36,"TATO",0,0,0
"PPKBOR_20180514","PPKBOR","20180514",2018,5,14,134,"Seine",3,36,"RACA",0,0,0
"PPKBOR_20180514","PPKBOR","20180514",2018,5,14,134,"Seine",3,36,"AMCA",3,1,0.0833333333333333
"PPKBOR_20180514","PPKBOR","20180514",2018,5,14,134,"Seine",3,36,"BUBO",0,0,0
"PPKBOR_20180514","PPKBOR","20180514",2018,5,14,134,"Seine",3,36,"RADR",0,0,0
"PPKBOR_20180620","PPKBOR","20180620",2018,6,20,171,"Seine",3,28,"PSRE",5,1.66666666666667,0.178571428571429
"PPKBOR_20180620","PPKBOR","20180620",2018,6,20,171,"Seine",3,28,"TATO",0,0,0
"PPKBOR_20180620","PPKBOR","20180620",2018,6,20,171,"Seine",3,28,"RACA",0,0,0
"PPKBOR_20180620","PPKBOR","20180620",2018,6,20,171,"Seine",3,28,"AMCA",6,2,0.214285714285714
"PPKBOR_20180620","PPKBOR","20180620",2018,6,20,171,"Seine",3,28,"BUBO",0,0,0
"PPKBOR_20180620","PPKBOR","20180620",2018,6,20,171,"Seine",3,28,"RADR",0,0,0
"PRCRATER_20180605","PRCRATER","20180605",2018,6,5,156,"Seine",3,30,"PSRE",34,11.3333333333333,1.13333333333333
"PRCRATER_20180605","PRCRATER","20180605",2018,6,5,156,"Seine",3,30,"TATO",9,3,0.3
"PRCRATER_20180605","PRCRATER","20180605",2018,6,5,156,"Seine",3,30,"RACA",0,0,0
"PRCRATER_20180605","PRCRATER","20180605",2018,6,5,156,"Seine",3,30,"AMCA",0,0,0
"PRCRATER_20180605","PRCRATER","20180605",2018,6,5,156,"Seine",3,30,"BUBO",0,0,0
"PRCRATER_20180605","PRCRATER","20180605",2018,6,5,156,"Seine",3,30,"RADR",1,0.333333333333333,0.0333333333333333
"PRCRATER_20180629","PRCRATER","20180629",2018,6,29,180,"Seine",3,12,"PSRE",4,1.33333333333333,0.333333333333333
"PRCRATER_20180629","PRCRATER","20180629",2018,6,29,180,"Seine",3,12,"TATO",9,3,0.75
"PRCRATER_20180629","PRCRATER","20180629",2018,6,29,180,"Seine",3,12,"RACA",0,0,0
"PRCRATER_20180629","PRCRATER","20180629",2018,6,29,180,"Seine",3,12,"AMCA",0,0,0
"PRCRATER_20180629","PRCRATER","20180629",2018,6,29,180,"Seine",3,12,"BUBO",0,0,0
"PRCRATER_20180629","PRCRATER","20180629",2018,6,29,180,"Seine",3,12,"RADR",11,3.66666666666667,0.916666666666667
"PRNTH1_20180605","PRNTH1","20180605",2018,6,5,156,"Seine",4,43,"PSRE",39,9.75,0.906976744186046
"PRNTH1_20180605","PRNTH1","20180605",2018,6,5,156,"Seine",4,43,"TATO",3,0.75,0.0697674418604651
"PRNTH1_20180605","PRNTH1","20180605",2018,6,5,156,"Seine",4,43,"RACA",0,0,0
"PRNTH1_20180605","PRNTH1","20180605",2018,6,5,156,"Seine",4,43,"AMCA",0,0,0
"PRNTH1_20180605","PRNTH1","20180605",2018,6,5,156,"Seine",4,43,"BUBO",0,0,0
"PRNTH1_20180605","PRNTH1","20180605",2018,6,5,156,"Seine",4,43,"RADR",0,0,0
"PRNTH1_20180629","PRNTH1","20180629",2018,6,29,180,"Seine",3,8,"PSRE",17,5.66666666666667,2.125
"PRNTH1_20180629","PRNTH1","20180629",2018,6,29,180,"Seine",3,8,"TATO",5,1.66666666666667,0.625
"PRNTH1_20180629","PRNTH1","20180629",2018,6,29,180,"Seine",3,8,"RACA",0,0,0
"PRNTH1_20180629","PRNTH1","20180629",2018,6,29,180,"Seine",3,8,"AMCA",0,0,0
"PRNTH1_20180629","PRNTH1","20180629",2018,6,29,180,"Seine",3,8,"BUBO",0,0,0
"PRNTH1_20180629","PRNTH1","20180629",2018,6,29,180,"Seine",3,8,"RADR",0,0,0
"PRNTH2_20180605","PRNTH2","20180605",2018,6,5,156,"Seine",3,40,"PSRE",46,15.3333333333333,1.15
"PRNTH2_20180605","PRNTH2","20180605",2018,6,5,156,"Seine",3,40,"TATO",0,0,0
"PRNTH2_20180605","PRNTH2","20180605",2018,6,5,156,"Seine",3,40,"RACA",0,0,0
"PRNTH2_20180605","PRNTH2","20180605",2018,6,5,156,"Seine",3,40,"AMCA",0,0,0
"PRNTH2_20180605","PRNTH2","20180605",2018,6,5,156,"Seine",3,40,"BUBO",177,59,4.425
"PRNTH2_20180605","PRNTH2","20180605",2018,6,5,156,"Seine",3,40,"RADR",0,0,0
"PRNTH2_20180629","PRNTH2","20180629",2018,6,29,180,"Seine",3,31,"PSRE",0,0,0
"PRNTH2_20180629","PRNTH2","20180629",2018,6,29,180,"Seine",3,31,"TATO",0,0,0
"PRNTH2_20180629","PRNTH2","20180629",2018,6,29,180,"Seine",3,31,"RACA",0,0,0
"PRNTH2_20180629","PRNTH2","20180629",2018,6,29,180,"Seine",3,31,"AMCA",0,0,0
"PRNTH2_20180629","PRNTH2","20180629",2018,6,29,180,"Seine",3,31,"BUBO",0,0,0
"PRNTH2_20180629","PRNTH2","20180629",2018,6,29,180,"Seine",3,31,"RADR",0,0,0
"PRNTH3_20180605","PRNTH3","20180605",2018,6,5,156,"Seine",3,24,"PSRE",279,93,11.625
"PRNTH3_20180605","PRNTH3","20180605",2018,6,5,156,"Seine",3,24,"TATO",76,25.3333333333333,3.16666666666667
"PRNTH3_20180605","PRNTH3","20180605",2018,6,5,156,"Seine",3,24,"RACA",0,0,0
"PRNTH3_20180605","PRNTH3","20180605",2018,6,5,156,"Seine",3,24,"AMCA",0,0,0
"PRNTH3_20180605","PRNTH3","20180605",2018,6,5,156,"Seine",3,24,"BUBO",0,0,0
"PRNTH3_20180605","PRNTH3","20180605",2018,6,5,156,"Seine",3,24,"RADR",0,0,0
"PRNTH3_20180629","PRNTH3","20180629",2018,6,29,180,"Seine",3,28,"PSRE",34,11.3333333333333,1.21428571428571
"PRNTH3_20180629","PRNTH3","20180629",2018,6,29,180,"Seine",3,28,"TATO",22,7.33333333333333,0.785714285714286
"PRNTH3_20180629","PRNTH3","20180629",2018,6,29,180,"Seine",3,28,"RACA",0,0,0
"PRNTH3_20180629","PRNTH3","20180629",2018,6,29,180,"Seine",3,28,"AMCA",0,0,0
"PRNTH3_20180629","PRNTH3","20180629",2018,6,29,180,"Seine",3,28,"BUBO",0,0,0
"PRNTH3_20180629","PRNTH3","20180629",2018,6,29,180,"Seine",3,28,"RADR",0,0,0
"PRNTH4_20180521","PRNTH4","20180521",2018,5,21,141,"Seine",4,38,"PSRE",169,42.25,4.44736842105263
"PRNTH4_20180521","PRNTH4","20180521",2018,5,21,141,"Seine",4,38,"TATO",172,43,4.52631578947368
"PRNTH4_20180521","PRNTH4","20180521",2018,5,21,141,"Seine",4,38,"RACA",0,0,0
"PRNTH4_20180521","PRNTH4","20180521",2018,5,21,141,"Seine",4,38,"AMCA",0,0,0
"PRNTH4_20180521","PRNTH4","20180521",2018,5,21,141,"Seine",4,38,"BUBO",34,8.5,0.894736842105263
"PRNTH4_20180521","PRNTH4","20180521",2018,5,21,141,"Seine",4,38,"RADR",2,0.5,0.0526315789473684
"PRNTH4_20180618","PRNTH4","20180618",2018,6,18,169,"Seine",4,41,"PSRE",285,71.25,6.95121951219512
"PRNTH4_20180618","PRNTH4","20180618",2018,6,18,169,"Seine",4,41,"TATO",72,18,1.75609756097561
"PRNTH4_20180618","PRNTH4","20180618",2018,6,18,169,"Seine",4,41,"RACA",0,0,0
"PRNTH4_20180618","PRNTH4","20180618",2018,6,18,169,"Seine",4,41,"AMCA",0,0,0
"PRNTH4_20180618","PRNTH4","20180618",2018,6,18,169,"Seine",4,41,"BUBO",0,0,0
"PRNTH4_20180618","PRNTH4","20180618",2018,6,18,169,"Seine",4,41,"RADR",4,1,0.0975609756097561
"PRNTHCHR_20180521","PRNTHCHR","20180521",2018,5,21,141,"Seine",3,27,"PSRE",229,76.3333333333333,8.48148148148148
"PRNTHCHR_20180521","PRNTHCHR","20180521",2018,5,21,141,"Seine",3,27,"TATO",61,20.3333333333333,2.25925925925926
"PRNTHCHR_20180521","PRNTHCHR","20180521",2018,5,21,141,"Seine",3,27,"RACA",0,0,0
"PRNTHCHR_20180521","PRNTHCHR","20180521",2018,5,21,141,"Seine",3,27,"AMCA",0,0,0
"PRNTHCHR_20180521","PRNTHCHR","20180521",2018,5,21,141,"Seine",3,27,"BUBO",0,0,0
"PRNTHCHR_20180521","PRNTHCHR","20180521",2018,5,21,141,"Seine",3,27,"RADR",0,0,0
"PRNTHCHR_20180618","PRNTHCHR","20180618",2018,6,18,169,"Seine",3,16,"PSRE",69,23,4.3125
"PRNTHCHR_20180618","PRNTHCHR","20180618",2018,6,18,169,"Seine",3,16,"TATO",76,25.3333333333333,4.75
"PRNTHCHR_20180618","PRNTHCHR","20180618",2018,6,18,169,"Seine",3,16,"RACA",0,0,0
"PRNTHCHR_20180618","PRNTHCHR","20180618",2018,6,18,169,"Seine",3,16,"AMCA",0,0,0
"PRNTHCHR_20180618","PRNTHCHR","20180618",2018,6,18,169,"Seine",3,16,"BUBO",0,0,0
"PRNTHCHR_20180618","PRNTHCHR","20180618",2018,6,18,169,"Seine",3,16,"RADR",0,0,0
"PRNTHIDK_20180521","PRNTHIDK","20180521",2018,5,21,141,"Seine",4,27,"PSRE",58,14.5,2.14814814814815
"PRNTHIDK_20180521","PRNTHIDK","20180521",2018,5,21,141,"Seine",4,27,"TATO",188,47,6.96296296296296
"PRNTHIDK_20180521","PRNTHIDK","20180521",2018,5,21,141,"Seine",4,27,"RACA",0,0,0
"PRNTHIDK_20180521","PRNTHIDK","20180521",2018,5,21,141,"Seine",4,27,"AMCA",0,0,0
"PRNTHIDK_20180521","PRNTHIDK","20180521",2018,5,21,141,"Seine",4,27,"BUBO",0,0,0
"PRNTHIDK_20180521","PRNTHIDK","20180521",2018,5,21,141,"Seine",4,27,"RADR",5,1.25,0.185185185185185
"PRNTHIDK_20180618","PRNTHIDK","20180618",2018,6,18,169,"Seine",4,20,"PSRE",19,4.75,0.95
"PRNTHIDK_20180618","PRNTHIDK","20180618",2018,6,18,169,"Seine",4,20,"TATO",224,56,11.2
"PRNTHIDK_20180618","PRNTHIDK","20180618",2018,6,18,169,"Seine",4,20,"RACA",0,0,0
"PRNTHIDK_20180618","PRNTHIDK","20180618",2018,6,18,169,"Seine",4,20,"AMCA",0,0,0
"PRNTHIDK_20180618","PRNTHIDK","20180618",2018,6,18,169,"Seine",4,20,"BUBO",0,0,0
"PRNTHIDK_20180618","PRNTHIDK","20180618",2018,6,18,169,"Seine",4,20,"RADR",8,2,0.4
"PRNTHMIT_20180521","PRNTHMIT","20180521",2018,5,21,141,"Seine",5,58,"PSRE",22,4.4,0.379310344827586
"PRNTHMIT_20180521","PRNTHMIT","20180521",2018,5,21,141,"Seine",5,58,"TATO",26,5.2,0.448275862068966
"PRNTHMIT_20180521","PRNTHMIT","20180521",2018,5,21,141,"Seine",5,58,"RACA",0,0,0
"PRNTHMIT_20180521","PRNTHMIT","20180521",2018,5,21,141,"Seine",5,58,"AMCA",0,0,0
"PRNTHMIT_20180521","PRNTHMIT","20180521",2018,5,21,141,"Seine",5,58,"BUBO",2,0.4,0.0344827586206897
"PRNTHMIT_20180521","PRNTHMIT","20180521",2018,5,21,141,"Seine",5,58,"RADR",0,0,0
"PRNTHMIT_20180618","PRNTHMIT","20180618",2018,6,18,169,"Seine",5,44,"PSRE",21,4.2,0.477272727272727
"PRNTHMIT_20180618","PRNTHMIT","20180618",2018,6,18,169,"Seine",5,44,"TATO",19,3.8,0.431818181818182
"PRNTHMIT_20180618","PRNTHMIT","20180618",2018,6,18,169,"Seine",5,44,"RACA",0,0,0
"PRNTHMIT_20180618","PRNTHMIT","20180618",2018,6,18,169,"Seine",5,44,"AMCA",0,0,0
"PRNTHMIT_20180618","PRNTHMIT","20180618",2018,6,18,169,"Seine",5,44,"BUBO",0,0,0
"PRNTHMIT_20180618","PRNTHMIT","20180618",2018,6,18,169,"Seine",5,44,"RADR",0,0,0
"PRNTHOWL_20180521","PRNTHOWL","20180521",2018,5,21,141,"Seine",3,23,"PSRE",122,40.6666666666667,5.30434782608696
"PRNTHOWL_20180521","PRNTHOWL","20180521",2018,5,21,141,"Seine",3,23,"TATO",8,2.66666666666667,0.347826086956522
"PRNTHOWL_20180521","PRNTHOWL","20180521",2018,5,21,141,"Seine",3,23,"RACA",0,0,0
"PRNTHOWL_20180521","PRNTHOWL","20180521",2018,5,21,141,"Seine",3,23,"AMCA",0,0,0
"PRNTHOWL_20180521","PRNTHOWL","20180521",2018,5,21,141,"Seine",3,23,"BUBO",2025,675,88.0434782608696
"PRNTHOWL_20180521","PRNTHOWL","20180521",2018,5,21,141,"Seine",3,23,"RADR",0,0,0
"PRNTHOWL_20180618","PRNTHOWL","20180618",2018,6,18,169,"Seine",3,30,"PSRE",54,18,1.8
"PRNTHOWL_20180618","PRNTHOWL","20180618",2018,6,18,169,"Seine",3,30,"TATO",2,0.666666666666667,0.0666666666666667
"PRNTHOWL_20180618","PRNTHOWL","20180618",2018,6,18,169,"Seine",3,30,"RACA",0,0,0
"PRNTHOWL_20180618","PRNTHOWL","20180618",2018,6,18,169,"Seine",3,30,"AMCA",0,0,0
"PRNTHOWL_20180618","PRNTHOWL","20180618",2018,6,18,169,"Seine",3,30,"BUBO",281,93.6666666666667,9.36666666666667
"PRNTHOWL_20180618","PRNTHOWL","20180618",2018,6,18,169,"Seine",3,30,"RADR",0,0,0
"PRPND001_20180606","PRPND001","20180606",2018,6,6,157,"Seine",3,35,"PSRE",47,15.6666666666667,1.34285714285714
"PRPND001_20180606","PRPND001","20180606",2018,6,6,157,"Seine",3,35,"TATO",0,0,0
"PRPND001_20180606","PRPND001","20180606",2018,6,6,157,"Seine",3,35,"RACA",0,0,0
"PRPND001_20180606","PRPND001","20180606",2018,6,6,157,"Seine",3,35,"AMCA",0,0,0
"PRPND001_20180606","PRPND001","20180606",2018,6,6,157,"Seine",3,35,"BUBO",0,0,0
"PRPND001_20180606","PRPND001","20180606",2018,6,6,157,"Seine",3,35,"RADR",0,0,0
"PRPND001_20180710","PRPND001","20180710",2018,7,10,191,"Seine",3,27,"PSRE",0,0,0
"PRPND001_20180710","PRPND001","20180710",2018,7,10,191,"Seine",3,27,"TATO",0,0,0
"PRPND001_20180710","PRPND001","20180710",2018,7,10,191,"Seine",3,27,"RACA",0,0,0
"PRPND001_20180710","PRPND001","20180710",2018,7,10,191,"Seine",3,27,"AMCA",0,0,0
"PRPND001_20180710","PRPND001","20180710",2018,7,10,191,"Seine",3,27,"BUBO",0,0,0
"PRPND001_20180710","PRPND001","20180710",2018,7,10,191,"Seine",3,27,"RADR",0,0,0
"PRPND002_20180606","PRPND002","20180606",2018,6,6,157,"Seine",3,22.5,"PSRE",45,15,2
"PRPND002_20180606","PRPND002","20180606",2018,6,6,157,"Seine",3,22.5,"TATO",18,6,0.8
"PRPND002_20180606","PRPND002","20180606",2018,6,6,157,"Seine",3,22.5,"RACA",0,0,0
"PRPND002_20180606","PRPND002","20180606",2018,6,6,157,"Seine",3,22.5,"AMCA",0,0,0
"PRPND002_20180606","PRPND002","20180606",2018,6,6,157,"Seine",3,22.5,"BUBO",0,0,0
"PRPND002_20180606","PRPND002","20180606",2018,6,6,157,"Seine",3,22.5,"RADR",0,0,0
"PRPND002_20180710","PRPND002","20180710",2018,7,10,191,"Seine",3,27,"PSRE",1,0.333333333333333,0.037037037037037
"PRPND002_20180710","PRPND002","20180710",2018,7,10,191,"Seine",3,27,"TATO",8,2.66666666666667,0.296296296296296
"PRPND002_20180710","PRPND002","20180710",2018,7,10,191,"Seine",3,27,"RACA",0,0,0
"PRPND002_20180710","PRPND002","20180710",2018,7,10,191,"Seine",3,27,"AMCA",0,0,0
"PRPND002_20180710","PRPND002","20180710",2018,7,10,191,"Seine",3,27,"BUBO",0,0,0
"PRPND002_20180710","PRPND002","20180710",2018,7,10,191,"Seine",3,27,"RADR",0,0,0
"PRPND003_20180613","PRPND003","20180613",2018,6,13,164,"Seine",4,48,"PSRE",0,0,0
"PRPND003_20180613","PRPND003","20180613",2018,6,13,164,"Seine",4,48,"TATO",107,26.75,2.22916666666667
"PRPND003_20180613","PRPND003","20180613",2018,6,13,164,"Seine",4,48,"RACA",0,0,0
"PRPND003_20180613","PRPND003","20180613",2018,6,13,164,"Seine",4,48,"AMCA",0,0,0
"PRPND003_20180613","PRPND003","20180613",2018,6,13,164,"Seine",4,48,"BUBO",0,0,0
"PRPND003_20180613","PRPND003","20180613",2018,6,13,164,"Seine",4,48,"RADR",0,0,0
"PRPND003_20180710","PRPND003","20180710",2018,7,10,191,"Seine",4,48,"PSRE",0,0,0
"PRPND003_20180710","PRPND003","20180710",2018,7,10,191,"Seine",4,48,"TATO",54,13.5,1.125
"PRPND003_20180710","PRPND003","20180710",2018,7,10,191,"Seine",4,48,"RACA",0,0,0
"PRPND003_20180710","PRPND003","20180710",2018,7,10,191,"Seine",4,48,"AMCA",0,0,0
"PRPND003_20180710","PRPND003","20180710",2018,7,10,191,"Seine",4,48,"BUBO",0,0,0
"PRPND003_20180710","PRPND003","20180710",2018,7,10,191,"Seine",4,48,"RADR",0,0,0
"PRPND004_20180613","PRPND004","20180613",2018,6,13,164,"Seine",5,60,"PSRE",0,0,0
"PRPND004_20180613","PRPND004","20180613",2018,6,13,164,"Seine",5,60,"TATO",333,66.6,5.55
"PRPND004_20180613","PRPND004","20180613",2018,6,13,164,"Seine",5,60,"RACA",4,0.8,0.0666666666666667
"PRPND004_20180613","PRPND004","20180613",2018,6,13,164,"Seine",5,60,"AMCA",0,0,0
"PRPND004_20180613","PRPND004","20180613",2018,6,13,164,"Seine",5,60,"BUBO",56,11.2,0.933333333333333
"PRPND004_20180613","PRPND004","20180613",2018,6,13,164,"Seine",5,60,"RADR",0,0,0
"PRPND004_20180710","PRPND004","20180710",2018,7,10,191,"Seine",4,32,"PSRE",0,0,0
"PRPND004_20180710","PRPND004","20180710",2018,7,10,191,"Seine",4,32,"TATO",138,34.5,4.3125
"PRPND004_20180710","PRPND004","20180710",2018,7,10,191,"Seine",4,32,"RACA",0,0,0
"PRPND004_20180710","PRPND004","20180710",2018,7,10,191,"Seine",4,32,"AMCA",0,0,0
"PRPND004_20180710","PRPND004","20180710",2018,7,10,191,"Seine",4,32,"BUBO",0,0,0
"PRPND004_20180710","PRPND004","20180710",2018,7,10,191,"Seine",4,32,"RADR",0,0,0
"PRPND005_20180613","PRPND005","20180613",2018,6,13,164,"Seine",3,26,"PSRE",7,2.33333333333333,0.269230769230769
"PRPND005_20180613","PRPND005","20180613",2018,6,13,164,"Seine",3,26,"TATO",8,2.66666666666667,0.307692307692308
"PRPND005_20180613","PRPND005","20180613",2018,6,13,164,"Seine",3,26,"RACA",2,0.666666666666667,0.0769230769230769
"PRPND005_20180613","PRPND005","20180613",2018,6,13,164,"Seine",3,26,"AMCA",0,0,0
"PRPND005_20180613","PRPND005","20180613",2018,6,13,164,"Seine",3,26,"BUBO",0,0,0
"PRPND005_20180613","PRPND005","20180613",2018,6,13,164,"Seine",3,26,"RADR",0,0,0
"PRPND005_20180710","PRPND005","20180710",2018,7,10,191,"Seine",3,38,"PSRE",0,0,0
"PRPND005_20180710","PRPND005","20180710",2018,7,10,191,"Seine",3,38,"TATO",3,1,0.0789473684210526
"PRPND005_20180710","PRPND005","20180710",2018,7,10,191,"Seine",3,38,"RACA",1,0.333333333333333,0.0263157894736842
"PRPND005_20180710","PRPND005","20180710",2018,7,10,191,"Seine",3,38,"AMCA",0,0,0
"PRPND005_20180710","PRPND005","20180710",2018,7,10,191,"Seine",3,38,"BUBO",0,0,0
"PRPND005_20180710","PRPND005","20180710",2018,7,10,191,"Seine",3,38,"RADR",0,0,0
"PRPND007_20180516","PRPND007","20180516",2018,5,16,136,"Seine",3,67,"PSRE",0,0,0
"PRPND007_20180516","PRPND007","20180516",2018,5,16,136,"Seine",3,67,"TATO",0,0,0
"PRPND007_20180516","PRPND007","20180516",2018,5,16,136,"Seine",3,67,"RACA",0,0,0
"PRPND007_20180516","PRPND007","20180516",2018,5,16,136,"Seine",3,67,"AMCA",0,0,0
"PRPND007_20180516","PRPND007","20180516",2018,5,16,136,"Seine",3,67,"BUBO",113,37.6666666666667,1.6865671641791
"PRPND007_20180516","PRPND007","20180516",2018,5,16,136,"Seine",3,67,"RADR",0,0,0
"PRPND007_20180625","PRPND007","20180625",2018,6,25,176,"Seine",3,33,"PSRE",2,0.666666666666667,0.0606060606060606
"PRPND007_20180625","PRPND007","20180625",2018,6,25,176,"Seine",3,33,"TATO",9,3,0.272727272727273
"PRPND007_20180625","PRPND007","20180625",2018,6,25,176,"Seine",3,33,"RACA",0,0,0
"PRPND007_20180625","PRPND007","20180625",2018,6,25,176,"Seine",3,33,"AMCA",0,0,0
"PRPND007_20180625","PRPND007","20180625",2018,6,25,176,"Seine",3,33,"BUBO",2,0.666666666666667,0.0606060606060606
"PRPND007_20180625","PRPND007","20180625",2018,6,25,176,"Seine",3,33,"RADR",0,0,0
"PRPND008_20180516","PRPND008","20180516",2018,5,16,136,"Seine",3,25,"PSRE",40,13.3333333333333,1.6
"PRPND008_20180516","PRPND008","20180516",2018,5,16,136,"Seine",3,25,"TATO",13,4.33333333333333,0.52
"PRPND008_20180516","PRPND008","20180516",2018,5,16,136,"Seine",3,25,"RACA",0,0,0
"PRPND008_20180516","PRPND008","20180516",2018,5,16,136,"Seine",3,25,"AMCA",0,0,0
"PRPND008_20180516","PRPND008","20180516",2018,5,16,136,"Seine",3,25,"BUBO",86,28.6666666666667,3.44
"PRPND008_20180516","PRPND008","20180516",2018,5,16,136,"Seine",3,25,"RADR",0,0,0
"PRPND008_20180625","PRPND008","20180625",2018,6,25,176,"Seine",3,23,"PSRE",7,2.33333333333333,0.304347826086957
"PRPND008_20180625","PRPND008","20180625",2018,6,25,176,"Seine",3,23,"TATO",111,37,4.82608695652174
"PRPND008_20180625","PRPND008","20180625",2018,6,25,176,"Seine",3,23,"RACA",0,0,0
"PRPND008_20180625","PRPND008","20180625",2018,6,25,176,"Seine",3,23,"AMCA",0,0,0
"PRPND008_20180625","PRPND008","20180625",2018,6,25,176,"Seine",3,23,"BUBO",0,0,0
"PRPND008_20180625","PRPND008","20180625",2018,6,25,176,"Seine",3,23,"RADR",0,0,0
"PRPND009_20180516","PRPND009","20180516",2018,5,16,136,"Seine",3,32,"PSRE",35,11.6666666666667,1.09375
"PRPND009_20180516","PRPND009","20180516",2018,5,16,136,"Seine",3,32,"TATO",25,8.33333333333333,0.78125
"PRPND009_20180516","PRPND009","20180516",2018,5,16,136,"Seine",3,32,"RACA",8,2.66666666666667,0.25
"PRPND009_20180516","PRPND009","20180516",2018,5,16,136,"Seine",3,32,"AMCA",0,0,0
"PRPND009_20180516","PRPND009","20180516",2018,5,16,136,"Seine",3,32,"BUBO",5,1.66666666666667,0.15625
"PRPND009_20180516","PRPND009","20180516",2018,5,16,136,"Seine",3,32,"RADR",0,0,0
"PRPND009_20180625","PRPND009","20180625",2018,6,25,176,"Seine",3,13,"PSRE",6,2,0.461538461538462
"PRPND009_20180625","PRPND009","20180625",2018,6,25,176,"Seine",3,13,"TATO",358,119.333333333333,27.5384615384615
"PRPND009_20180625","PRPND009","20180625",2018,6,25,176,"Seine",3,13,"RACA",5,1.66666666666667,0.384615384615385
"PRPND009_20180625","PRPND009","20180625",2018,6,25,176,"Seine",3,13,"AMCA",0,0,0
"PRPND009_20180625","PRPND009","20180625",2018,6,25,176,"Seine",3,13,"BUBO",0,0,0
"PRPND009_20180625","PRPND009","20180625",2018,6,25,176,"Seine",3,13,"RADR",0,0,0
"PRPND010_20180516","PRPND010","20180516",2018,5,16,136,"Seine",4,40,"PSRE",48,12,1.2
"PRPND010_20180516","PRPND010","20180516",2018,5,16,136,"Seine",4,40,"TATO",74,18.5,1.85
"PRPND010_20180516","PRPND010","20180516",2018,5,16,136,"Seine",4,40,"RACA",3,0.75,0.075
"PRPND010_20180516","PRPND010","20180516",2018,5,16,136,"Seine",4,40,"AMCA",0,0,0
"PRPND010_20180516","PRPND010","20180516",2018,5,16,136,"Seine",4,40,"BUBO",0,0,0
"PRPND010_20180516","PRPND010","20180516",2018,5,16,136,"Seine",4,40,"RADR",0,0,0
"PRPND010_20180625","PRPND010","20180625",2018,6,25,176,"Seine",3,34,"PSRE",0,0,0
"PRPND010_20180625","PRPND010","20180625",2018,6,25,176,"Seine",3,34,"TATO",116,38.6666666666667,3.41176470588235
"PRPND010_20180625","PRPND010","20180625",2018,6,25,176,"Seine",3,34,"RACA",87,29,2.55882352941176
"PRPND010_20180625","PRPND010","20180625",2018,6,25,176,"Seine",3,34,"AMCA",0,0,0
"PRPND010_20180625","PRPND010","20180625",2018,6,25,176,"Seine",3,34,"BUBO",0,0,0
"PRPND010_20180625","PRPND010","20180625",2018,6,25,176,"Seine",3,34,"RADR",0,0,0
"PRPND012_20180613","PRPND012","20180613",2018,6,13,164,"Seine",5,74,"PSRE",1,0.2,0.0135135135135135
"PRPND012_20180613","PRPND012","20180613",2018,6,13,164,"Seine",5,74,"TATO",0,0,0
"PRPND012_20180613","PRPND012","20180613",2018,6,13,164,"Seine",5,74,"RACA",0,0,0
"PRPND012_20180613","PRPND012","20180613",2018,6,13,164,"Seine",5,74,"AMCA",0,0,0
"PRPND012_20180613","PRPND012","20180613",2018,6,13,164,"Seine",5,74,"BUBO",0,0,0
"PRPND012_20180613","PRPND012","20180613",2018,6,13,164,"Seine",5,74,"RADR",0,0,0
"PRPND012_20180629","PRPND012","20180629",2018,6,29,180,"Seine",5,30,"PSRE",0,0,0
"PRPND012_20180629","PRPND012","20180629",2018,6,29,180,"Seine",5,30,"TATO",0,0,0
"PRPND012_20180629","PRPND012","20180629",2018,6,29,180,"Seine",5,30,"RACA",0,0,0
"PRPND012_20180629","PRPND012","20180629",2018,6,29,180,"Seine",5,30,"AMCA",0,0,0
"PRPND012_20180629","PRPND012","20180629",2018,6,29,180,"Seine",5,30,"BUBO",0,0,0
"PRPND012_20180629","PRPND012","20180629",2018,6,29,180,"Seine",5,30,"RADR",0,0,0
"PRPND014_20180605","PRPND014","20180605",2018,6,5,156,"Seine",5,26,"PSRE",187,37.4,7.19230769230769
"PRPND014_20180605","PRPND014","20180605",2018,6,5,156,"Seine",5,26,"TATO",72,14.4,2.76923076923077
"PRPND014_20180605","PRPND014","20180605",2018,6,5,156,"Seine",5,26,"RACA",0,0,0
"PRPND014_20180605","PRPND014","20180605",2018,6,5,156,"Seine",5,26,"AMCA",0,0,0
"PRPND014_20180605","PRPND014","20180605",2018,6,5,156,"Seine",5,26,"BUBO",14,2.8,0.538461538461538
"PRPND014_20180605","PRPND014","20180605",2018,6,5,156,"Seine",5,26,"RADR",12,2.4,0.461538461538462
"PRPND014_20180627","PRPND014","20180627",2018,6,27,178,"Seine",4,64,"PSRE",82,20.5,1.28125
"PRPND014_20180627","PRPND014","20180627",2018,6,27,178,"Seine",4,64,"TATO",92,23,1.4375
"PRPND014_20180627","PRPND014","20180627",2018,6,27,178,"Seine",4,64,"RACA",0,0,0
"PRPND014_20180627","PRPND014","20180627",2018,6,27,178,"Seine",4,64,"AMCA",0,0,0
"PRPND014_20180627","PRPND014","20180627",2018,6,27,178,"Seine",4,64,"BUBO",0,0,0
"PRPND014_20180627","PRPND014","20180627",2018,6,27,178,"Seine",4,64,"RADR",4,1,0.0625
"PRPND015_20180605","PRPND015","20180605",2018,6,5,156,"Seine",3,17,"PSRE",104,34.6666666666667,6.11764705882353
"PRPND015_20180605","PRPND015","20180605",2018,6,5,156,"Seine",3,17,"TATO",80,26.6666666666667,4.70588235294118
"PRPND015_20180605","PRPND015","20180605",2018,6,5,156,"Seine",3,17,"RACA",0,0,0
"PRPND015_20180605","PRPND015","20180605",2018,6,5,156,"Seine",3,17,"AMCA",0,0,0
"PRPND015_20180605","PRPND015","20180605",2018,6,5,156,"Seine",3,17,"BUBO",2,0.666666666666667,0.117647058823529
"PRPND015_20180605","PRPND015","20180605",2018,6,5,156,"Seine",3,17,"RADR",0,0,0
"PRPND015_20180625","PRPND015","20180625",2018,6,25,176,"Seine",3,2.5,"PSRE",30,10,12
"PRPND015_20180625","PRPND015","20180625",2018,6,25,176,"Seine",3,2.5,"TATO",12,4,4.8
"PRPND015_20180625","PRPND015","20180625",2018,6,25,176,"Seine",3,2.5,"RACA",0,0,0
"PRPND015_20180625","PRPND015","20180625",2018,6,25,176,"Seine",3,2.5,"AMCA",0,0,0
"PRPND015_20180625","PRPND015","20180625",2018,6,25,176,"Seine",3,2.5,"BUBO",0,0,0
"PRPND015_20180625","PRPND015","20180625",2018,6,25,176,"Seine",3,2.5,"RADR",0,0,0
"RLSNKGCP_20180523","RLSNKGCP","20180523",2018,5,23,143,"Seine",3,34,"PSRE",57,19,1.67647058823529
"RLSNKGCP_20180523","RLSNKGCP","20180523",2018,5,23,143,"Seine",3,34,"TATO",63,21,1.85294117647059
"RLSNKGCP_20180523","RLSNKGCP","20180523",2018,5,23,143,"Seine",3,34,"RACA",0,0,0
"RLSNKGCP_20180523","RLSNKGCP","20180523",2018,5,23,143,"Seine",3,34,"AMCA",0,0,0
"RLSNKGCP_20180523","RLSNKGCP","20180523",2018,5,23,143,"Seine",3,34,"BUBO",31,10.3333333333333,0.911764705882353
"RLSNKGCP_20180523","RLSNKGCP","20180523",2018,5,23,143,"Seine",3,34,"RADR",12,4,0.352941176470588
"RLSNKGCP_20180630","RLSNKGCP","20180630",2018,6,30,181,"Seine",3,24,"PSRE",1,0.333333333333333,0.0416666666666667
"RLSNKGCP_20180630","RLSNKGCP","20180630",2018,6,30,181,"Seine",3,24,"TATO",51,17,2.125
"RLSNKGCP_20180630","RLSNKGCP","20180630",2018,6,30,181,"Seine",3,24,"RACA",0,0,0
"RLSNKGCP_20180630","RLSNKGCP","20180630",2018,6,30,181,"Seine",3,24,"AMCA",0,0,0
"RLSNKGCP_20180630","RLSNKGCP","20180630",2018,6,30,181,"Seine",3,24,"BUBO",0,0,0
"RLSNKGCP_20180630","RLSNKGCP","20180630",2018,6,30,181,"Seine",3,24,"RADR",5,1.66666666666667,0.208333333333333
"RonJrGCP_20180515","RonJrGCP","20180515",2018,5,15,135,"Seine",5,66,"PSRE",0,0,0
"RonJrGCP_20180515","RonJrGCP","20180515",2018,5,15,135,"Seine",5,66,"TATO",0,0,0
"RonJrGCP_20180515","RonJrGCP","20180515",2018,5,15,135,"Seine",5,66,"RACA",0,0,0
"RonJrGCP_20180515","RonJrGCP","20180515",2018,5,15,135,"Seine",5,66,"AMCA",0,0,0
"RonJrGCP_20180515","RonJrGCP","20180515",2018,5,15,135,"Seine",5,66,"BUBO",0,0,0
"RonJrGCP_20180515","RonJrGCP","20180515",2018,5,15,135,"Seine",5,66,"RADR",0,0,0
"RonJrGCP_20180620","RonJrGCP","20180620",2018,6,20,171,"Seine",5,50,"PSRE",0,0,0
"RonJrGCP_20180620","RonJrGCP","20180620",2018,6,20,171,"Seine",5,50,"TATO",0,0,0
"RonJrGCP_20180620","RonJrGCP","20180620",2018,6,20,171,"Seine",5,50,"RACA",0,0,0
"RonJrGCP_20180620","RonJrGCP","20180620",2018,6,20,171,"Seine",5,50,"AMCA",0,0,0
"RonJrGCP_20180620","RonJrGCP","20180620",2018,6,20,171,"Seine",5,50,"BUBO",0,0,0
"RonJrGCP_20180620","RonJrGCP","20180620",2018,6,20,171,"Seine",5,50,"RADR",0,0,0
"ShptlGCP_20180530","ShptlGCP","20180530",2018,5,30,150,"Seine",3,32,"PSRE",0,0,0
"ShptlGCP_20180530","ShptlGCP","20180530",2018,5,30,150,"Seine",3,32,"TATO",0,0,0
"ShptlGCP_20180530","ShptlGCP","20180530",2018,5,30,150,"Seine",3,32,"RACA",0,0,0
"ShptlGCP_20180530","ShptlGCP","20180530",2018,5,30,150,"Seine",3,32,"AMCA",0,0,0
"ShptlGCP_20180530","ShptlGCP","20180530",2018,5,30,150,"Seine",3,32,"BUBO",0,0,0
"ShptlGCP_20180530","ShptlGCP","20180530",2018,5,30,150,"Seine",3,32,"RADR",0,0,0
"ShptlGCP_20180630","ShptlGCP","20180630",2018,6,30,181,"Seine",3,46,"PSRE",0,0,0
"ShptlGCP_20180630","ShptlGCP","20180630",2018,6,30,181,"Seine",3,46,"TATO",0,0,0
"ShptlGCP_20180630","ShptlGCP","20180630",2018,6,30,181,"Seine",3,46,"RACA",0,0,0
"ShptlGCP_20180630","ShptlGCP","20180630",2018,6,30,181,"Seine",3,46,"AMCA",0,0,0
"ShptlGCP_20180630","ShptlGCP","20180630",2018,6,30,181,"Seine",3,46,"BUBO",0,0,0
"ShptlGCP_20180630","ShptlGCP","20180630",2018,6,30,181,"Seine",3,46,"RADR",0,0,0
"TGIF_20180516","TGIF","20180516",2018,5,16,136,"Seine",3,27,"PSRE",56,18.6666666666667,2.07407407407407
"TGIF_20180516","TGIF","20180516",2018,5,16,136,"Seine",3,27,"TATO",22,7.33333333333333,0.814814814814815
"TGIF_20180516","TGIF","20180516",2018,5,16,136,"Seine",3,27,"RACA",0,0,0
"TGIF_20180516","TGIF","20180516",2018,5,16,136,"Seine",3,27,"AMCA",0,0,0
"TGIF_20180516","TGIF","20180516",2018,5,16,136,"Seine",3,27,"BUBO",0,0,0
"TGIF_20180516","TGIF","20180516",2018,5,16,136,"Seine",3,27,"RADR",0,0,0
"TGIF_20180625","TGIF","20180625",2018,6,25,176,"Seine",3,17,"PSRE",1,0.333333333333333,0.0588235294117647
"TGIF_20180625","TGIF","20180625",2018,6,25,176,"Seine",3,17,"TATO",77,25.6666666666667,4.52941176470588
"TGIF_20180625","TGIF","20180625",2018,6,25,176,"Seine",3,17,"RACA",0,0,0
"TGIF_20180625","TGIF","20180625",2018,6,25,176,"Seine",3,17,"AMCA",0,0,0
"TGIF_20180625","TGIF","20180625",2018,6,25,176,"Seine",3,17,"BUBO",0,0,0
"TGIF_20180625","TGIF","20180625",2018,6,25,176,"Seine",3,17,"RADR",0,0,0
"TOADGCP_20180530","TOADGCP","20180530",2018,5,30,150,"Seine",3,54,"PSRE",35,11.6666666666667,0.648148148148148
"TOADGCP_20180530","TOADGCP","20180530",2018,5,30,150,"Seine",3,54,"TATO",0,0,0
"TOADGCP_20180530","TOADGCP","20180530",2018,5,30,150,"Seine",3,54,"RACA",0,0,0
"TOADGCP_20180530","TOADGCP","20180530",2018,5,30,150,"Seine",3,54,"AMCA",1,0.333333333333333,0.0185185185185185
"TOADGCP_20180530","TOADGCP","20180530",2018,5,30,150,"Seine",3,54,"BUBO",0,0,0
"TOADGCP_20180530","TOADGCP","20180530",2018,5,30,150,"Seine",3,54,"RADR",0,0,0
"UCTBOR_20180620","UCTBOR","20180620",2018,6,20,171,"Seine",4,47,"PSRE",12,3,0.25531914893617
"UCTBOR_20180620","UCTBOR","20180620",2018,6,20,171,"Seine",4,47,"TATO",0,0,0
"UCTBOR_20180620","UCTBOR","20180620",2018,6,20,171,"Seine",4,47,"RACA",0,0,0
"UCTBOR_20180620","UCTBOR","20180620",2018,6,20,171,"Seine",4,47,"AMCA",0,0,0
"UCTBOR_20180620","UCTBOR","20180620",2018,6,20,171,"Seine",4,47,"BUBO",0,0,0
"UCTBOR_20180620","UCTBOR","20180620",2018,6,20,171,"Seine",4,47,"RADR",0,0,0
"UCTBOR_20180712","UCTBOR","20180712",2018,7,12,193,"Seine",3,47,"PSRE",12,4,0.25531914893617
"UCTBOR_20180712","UCTBOR","20180712",2018,7,12,193,"Seine",3,47,"TATO",0,0,0
"UCTBOR_20180712","UCTBOR","20180712",2018,7,12,193,"Seine",3,47,"RACA",0,0,0
"UCTBOR_20180712","UCTBOR","20180712",2018,7,12,193,"Seine",3,47,"AMCA",0,0,0
"UCTBOR_20180712","UCTBOR","20180712",2018,7,12,193,"Seine",3,47,"BUBO",0,0,0
"UCTBOR_20180712","UCTBOR","20180712",2018,7,12,193,"Seine",3,47,"RADR",0,0,0
"VPPND001_20180529","VPPND001","20180529",2018,5,29,149,"Seine",3,22,"PSRE",15,5,0.681818181818182
"VPPND001_20180529","VPPND001","20180529",2018,5,29,149,"Seine",3,22,"TATO",0,0,0
"VPPND001_20180529","VPPND001","20180529",2018,5,29,149,"Seine",3,22,"RACA",0,0,0
"VPPND001_20180529","VPPND001","20180529",2018,5,29,149,"Seine",3,22,"AMCA",0,0,0
"VPPND001_20180529","VPPND001","20180529",2018,5,29,149,"Seine",3,22,"BUBO",0,0,0
"VPPND001_20180529","VPPND001","20180529",2018,5,29,149,"Seine",3,22,"RADR",1,0.333333333333333,0.0454545454545455
"VPPND001_20180627","VPPND001","20180627",2018,6,27,178,"Seine",3,12,"PSRE",5,1.66666666666667,0.416666666666667
"VPPND001_20180627","VPPND001","20180627",2018,6,27,178,"Seine",3,12,"TATO",1,0.333333333333333,0.0833333333333333
"VPPND001_20180627","VPPND001","20180627",2018,6,27,178,"Seine",3,12,"RACA",0,0,0
"VPPND001_20180627","VPPND001","20180627",2018,6,27,178,"Seine",3,12,"AMCA",0,0,0
"VPPND001_20180627","VPPND001","20180627",2018,6,27,178,"Seine",3,12,"BUBO",0,0,0
"VPPND001_20180627","VPPND001","20180627",2018,6,27,178,"Seine",3,12,"RADR",2,0.666666666666667,0.166666666666667
"VPPND004_20180529","VPPND004","20180529",2018,5,29,149,"Seine",4,31,"PSRE",27,6.75,0.870967741935484
"VPPND004_20180529","VPPND004","20180529",2018,5,29,149,"Seine",4,31,"TATO",0,0,0
"VPPND004_20180529","VPPND004","20180529",2018,5,29,149,"Seine",4,31,"RACA",0,0,0
"VPPND004_20180529","VPPND004","20180529",2018,5,29,149,"Seine",4,31,"AMCA",0,0,0
"VPPND004_20180529","VPPND004","20180529",2018,5,29,149,"Seine",4,31,"BUBO",0,0,0
"VPPND004_20180529","VPPND004","20180529",2018,5,29,149,"Seine",4,31,"RADR",0,0,0
"VPPND004_20180627","VPPND004","20180627",2018,6,27,178,"Seine",3,37,"PSRE",0,0,0
"VPPND004_20180627","VPPND004","20180627",2018,6,27,178,"Seine",3,37,"TATO",0,0,0
"VPPND004_20180627","VPPND004","20180627",2018,6,27,178,"Seine",3,37,"RACA",0,0,0
"VPPND004_20180627","VPPND004","20180627",2018,6,27,178,"Seine",3,37,"AMCA",0,0,0
"VPPND004_20180627","VPPND004","20180627",2018,6,27,178,"Seine",3,37,"BUBO",0,0,0
"VPPND004_20180627","VPPND004","20180627",2018,6,27,178,"Seine",3,37,"RADR",0,0,0
"VPPND005_20180529","VPPND005","20180529",2018,5,29,149,"Seine",3,14,"PSRE",5,1.66666666666667,0.357142857142857
"VPPND005_20180529","VPPND005","20180529",2018,5,29,149,"Seine",3,14,"TATO",0,0,0
"VPPND005_20180529","VPPND005","20180529",2018,5,29,149,"Seine",3,14,"RACA",0,0,0
"VPPND005_20180529","VPPND005","20180529",2018,5,29,149,"Seine",3,14,"AMCA",0,0,0
"VPPND005_20180529","VPPND005","20180529",2018,5,29,149,"Seine",3,14,"BUBO",0,0,0
"VPPND005_20180529","VPPND005","20180529",2018,5,29,149,"Seine",3,14,"RADR",0,0,0
"VPPND005_20180627","VPPND005","20180627",2018,6,27,178,"Seine",3,29,"PSRE",0,0,0
"VPPND005_20180627","VPPND005","20180627",2018,6,27,178,"Seine",3,29,"TATO",0,0,0
"VPPND005_20180627","VPPND005","20180627",2018,6,27,178,"Seine",3,29,"RACA",0,0,0
"VPPND005_20180627","VPPND005","20180627",2018,6,27,178,"Seine",3,29,"AMCA",0,0,0
"VPPND005_20180627","VPPND005","20180627",2018,6,27,178,"Seine",3,29,"BUBO",0,0,0
"VPPND005_20180627","VPPND005","20180627",2018,6,27,178,"Seine",3,29,"RADR",0,0,0
"VPPND006_20180529","VPPND006","20180529",2018,5,29,149,"Seine",3,24,"PSRE",14,4.66666666666667,0.583333333333333
"VPPND006_20180529","VPPND006","20180529",2018,5,29,149,"Seine",3,24,"TATO",104,34.6666666666667,4.33333333333333
"VPPND006_20180529","VPPND006","20180529",2018,5,29,149,"Seine",3,24,"RACA",0,0,0
"VPPND006_20180529","VPPND006","20180529",2018,5,29,149,"Seine",3,24,"AMCA",0,0,0
"VPPND006_20180529","VPPND006","20180529",2018,5,29,149,"Seine",3,24,"BUBO",238,79.3333333333333,9.91666666666667
"VPPND006_20180529","VPPND006","20180529",2018,5,29,149,"Seine",3,24,"RADR",0,0,0
"VPPND006_20180627","VPPND006","20180627",2018,6,27,178,"Seine",3,15,"PSRE",51,17,3.4
"VPPND006_20180627","VPPND006","20180627",2018,6,27,178,"Seine",3,15,"TATO",70,23.3333333333333,4.66666666666667
"VPPND006_20180627","VPPND006","20180627",2018,6,27,178,"Seine",3,15,"RACA",0,0,0
"VPPND006_20180627","VPPND006","20180627",2018,6,27,178,"Seine",3,15,"AMCA",0,0,0
"VPPND006_20180627","VPPND006","20180627",2018,6,27,178,"Seine",3,15,"BUBO",0,0,0
"VPPND006_20180627","VPPND006","20180627",2018,6,27,178,"Seine",3,15,"RADR",0,0,0
"WASHGCP_20180515","WASHGCP","20180515",2018,5,15,135,"Seine",3,28,"PSRE",44,14.6666666666667,1.57142857142857
"WASHGCP_20180515","WASHGCP","20180515",2018,5,15,135,"Seine",3,28,"TATO",0,0,0
"WASHGCP_20180515","WASHGCP","20180515",2018,5,15,135,"Seine",3,28,"RACA",0,0,0
"WASHGCP_20180515","WASHGCP","20180515",2018,5,15,135,"Seine",3,28,"AMCA",4,1.33333333333333,0.142857142857143
"WASHGCP_20180515","WASHGCP","20180515",2018,5,15,135,"Seine",3,28,"BUBO",0,0,0
"WASHGCP_20180515","WASHGCP","20180515",2018,5,15,135,"Seine",3,28,"RADR",0,0,0
"WASHGCP_20180620","WASHGCP","20180620",2018,6,20,171,"Seine",3,37,"PSRE",2,0.666666666666667,0.0540540540540541
"WASHGCP_20180620","WASHGCP","20180620",2018,6,20,171,"Seine",3,37,"TATO",0,0,0
"WASHGCP_20180620","WASHGCP","20180620",2018,6,20,171,"Seine",3,37,"RACA",0,0,0
"WASHGCP_20180620","WASHGCP","20180620",2018,6,20,171,"Seine",3,37,"AMCA",30,10,0.810810810810811
"WASHGCP_20180620","WASHGCP","20180620",2018,6,20,171,"Seine",3,37,"BUBO",0,0,0
"WASHGCP_20180620","WASHGCP","20180620",2018,6,20,171,"Seine",3,37,"RADR",0,0,0
"WDMLGCP_20180515","WDMLGCP","20180515",2018,5,15,135,"Seine",3,19,"PSRE",102,34,5.36842105263158
"WDMLGCP_20180515","WDMLGCP","20180515",2018,5,15,135,"Seine",3,19,"TATO",0,0,0
"WDMLGCP_20180515","WDMLGCP","20180515",2018,5,15,135,"Seine",3,19,"RACA",0,0,0
"WDMLGCP_20180515","WDMLGCP","20180515",2018,5,15,135,"Seine",3,19,"AMCA",0,0,0
"WDMLGCP_20180515","WDMLGCP","20180515",2018,5,15,135,"Seine",3,19,"BUBO",0,0,0
"WDMLGCP_20180515","WDMLGCP","20180515",2018,5,15,135,"Seine",3,19,"RADR",0,0,0
"WDMLGCP_20180620","WDMLGCP","20180620",2018,6,20,171,"Seine",3,23,"PSRE",62,20.6666666666667,2.69565217391304
"WDMLGCP_20180620","WDMLGCP","20180620",2018,6,20,171,"Seine",3,23,"TATO",0,0,0
"WDMLGCP_20180620","WDMLGCP","20180620",2018,6,20,171,"Seine",3,23,"RACA",0,0,0
"WDMLGCP_20180620","WDMLGCP","20180620",2018,6,20,171,"Seine",3,23,"AMCA",0,0,0
"WDMLGCP_20180620","WDMLGCP","20180620",2018,6,20,171,"Seine",3,23,"BUBO",0,0,0
"WDMLGCP_20180620","WDMLGCP","20180620",2018,6,20,171,"Seine",3,23,"RADR",0,0,0
"WestWing_20180606","WestWing","20180606",2018,6,6,157,"Seine",5,83,"PSRE",0,0,0
"WestWing_20180606","WestWing","20180606",2018,6,6,157,"Seine",5,83,"TATO",0,0,0
"WestWing_20180606","WestWing","20180606",2018,6,6,157,"Seine",5,83,"RACA",0,0,0
"WestWing_20180606","WestWing","20180606",2018,6,6,157,"Seine",5,83,"AMCA",0,0,0
"WestWing_20180606","WestWing","20180606",2018,6,6,157,"Seine",5,83,"BUBO",0,0,0
"WestWing_20180606","WestWing","20180606",2018,6,6,157,"Seine",5,83,"RADR",0,0,0
"WestWing_20180716","WestWing","20180716",2018,7,16,197,"Seine",5,43,"PSRE",0,0,0
"WestWing_20180716","WestWing","20180716",2018,7,16,197,"Seine",5,43,"TATO",0,0,0
"WestWing_20180716","WestWing","20180716",2018,7,16,197,"Seine",5,43,"RACA",0,0,0
"WestWing_20180716","WestWing","20180716",2018,7,16,197,"Seine",5,43,"AMCA",0,0,0
"WestWing_20180716","WestWing","20180716",2018,7,16,197,"Seine",5,43,"BUBO",0,0,0
"WestWing_20180716","WestWing","20180716",2018,7,16,197,"Seine",5,43,"RADR",0,0,0
"WMBOR_20180518","WMBOR","20180518",2018,5,18,138,"Seine",3,30,"PSRE",1372,457.333333333333,45.7333333333333
"WMBOR_20180518","WMBOR","20180518",2018,5,18,138,"Seine",3,30,"TATO",0,0,0
"WMBOR_20180518","WMBOR","20180518",2018,5,18,138,"Seine",3,30,"RACA",0,0,0
"WMBOR_20180518","WMBOR","20180518",2018,5,18,138,"Seine",3,30,"AMCA",0,0,0
"WMBOR_20180518","WMBOR","20180518",2018,5,18,138,"Seine",3,30,"BUBO",0,0,0
"WMBOR_20180518","WMBOR","20180518",2018,5,18,138,"Seine",3,30,"RADR",0,0,0
"YBBA_20180523","YBBA","20180523",2018,5,23,143,"Seine",4,56,"PSRE",224,56,4
"YBBA_20180523","YBBA","20180523",2018,5,23,143,"Seine",4,56,"TATO",1,0.25,0.0178571428571429
"YBBA_20180523","YBBA","20180523",2018,5,23,143,"Seine",4,56,"RACA",0,0,0
"YBBA_20180523","YBBA","20180523",2018,5,23,143,"Seine",4,56,"AMCA",0,0,0
"YBBA_20180523","YBBA","20180523",2018,5,23,143,"Seine",4,56,"BUBO",43,10.75,0.767857142857143
"YBBA_20180523","YBBA","20180523",2018,5,23,143,"Seine",4,56,"RADR",28,7,0.5
"YBBA_20180630","YBBA","20180630",2018,6,30,181,"Seine",4,31,"PSRE",25,6.25,0.806451612903226
"YBBA_20180630","YBBA","20180630",2018,6,30,181,"Seine",4,31,"TATO",0,0,0
"YBBA_20180630","YBBA","20180630",2018,6,30,181,"Seine",4,31,"RACA",0,0,0
"YBBA_20180630","YBBA","20180630",2018,6,30,181,"Seine",4,31,"AMCA",0,0,0
"YBBA_20180630","YBBA","20180630",2018,6,30,181,"Seine",4,31,"BUBO",0,0,0
"YBBA_20180630","YBBA","20180630",2018,6,30,181,"Seine",4,31,"RADR",3,0.75,0.0967741935483871
