LT218320.1,77133
KT749813.1,9606
FJ006830.1,77133
HQ622790.1,9590
KM162469.1,77133
AM259267.1,1211
EU339335.1,515995
AY227541.1,89094
KM503097.1,62291
KM335116.1,77133
NC_036927.1,307977
EU880340.1,385674
HQ622794.1,9590
EU339337.1,515995
KY070168.1,1917191
KR154306.1,1804638
EF531999.1,439429
KJ939101.1,1602015
LC455649.1,109265
EF532002.1,439429
LC422497.1,77133
EF532000.1,439429
MG569725.1,2055927
JQ793349.1,77133
EF532006.1,439429
KM132399.1,77133
KU151976.1,77133
JQ498730.1,77133
KM331807.1,77133
KM216749.1,365635
MG569729.1,2055932
GU270759.2,77133
KF973799.1,77133
KY039399.1,9031
LN715974.1,77133
MG196299.1,73815
LC418560.1,77133
KF874616.1,8478
KM247362.1,1582975
HQ622796.1,9590
AF091696.1,9946
JX455823.1,74916
NC_039591.1,71117
KF944970.1,500530
JQ499631.1,77133
EU634456.1,221218
KM343900.1,77133
JQ941839.1,77133
KY039398.1,9031
MH112213.1,198431
LC124788.1,77133
LC455665.1,136072
GQ923920.1,77133
JF930783.1,77133
MH111948.1,198431
KR154308.1,1804632
AB242162.1,357282
JN860618.1,204965
MN207472.1,2598099
JN464146.1,155900
MK028732.1,9913
KM886936.1,9031
AB661290.1,77133
KC495060.1,1732522
JX456508.1,1211
KM323971.1,77133
KC507835.1,356254
KU150473.1,77133
KY070162.1,123785
KM319107.1,77133
MK028734.1,9913
KM135204.1,77133
KC507837.1,356254
MG272772.1,9606
DQ283303.1,299648
JQ305065.1,77133
KC507831.1,356254
MG277527.1,77133
MG011094.1,77133
GQ464294.1,30521
MG011018.1,77133
JN860632.1,74934
KC331416.1,77133
JN999703.2,82168
KX758350.1,89462
JN183394.1,77133
JN632708.1,9946
KC757404.1,61853
MH918127.1,135647
HQ386338.1,1211
MK028730.1,9913
AB630890.1,77133
MN207474.1,2598106
JQ942014.1,77133
KC495062.1,1732522
KU377759.1,154535
AC012365.6,9606
JQ937210.1,1273190
JN632706.1,66440
MH553744.1,9606
JQ266013.1,378291
HE602782.1,77133
KM128465.1,77133
MH683775.1,2557846
JN860620.1,260627
AF363578.1,9606
MH683773.1,2557844
KU377749.1,269212
JQ489818.1,77133
EU442909.1,77133
MH683731.1,2557819
FR648197.1,1211
JX869289.1,167235
KY070192.1,45469
AM259269.1,380698
KY070194.1,45469
KR310919.1,77133
MK279401.1,30520
MN125705.1,9606
MG272758.1,9606
JN860614.1,74914
EU634748.1,100233
KY039396.1,9031
MK598763.1,2528658
HM563850.1,939169
KX504436.1,77133
KM316082.1,77133
KU683305.1,9606
JX983895.1,77133
KP289200.1,511044
GQ340110.1,77133
HQ176636.1,77133
KC507839.1,356254
NC_032371.1,123793
KM386847.1,1572397
MK972438.1,2528661
KX758340.1,89462
MN203699.1,9606
KY070182.1,45466
MG234521.1,2047995
JX047296.1,43179
JX279906.1,77133
KX758320.1,89462
KJ645562.1,77133
MH499882.1,9606
JX047294.1,99846
FN297169.1,77133
HM563842.1,302546
KX758322.1,89462
KY070190.1,123785
LC065674.1,77133
MK904581.1,9606
MG196300.1,302418
KX758352.1,89462
MG196306.1,1496684
KX758328.1,89462
FJ662732.1,1869227
KC747665.1,2497118
AC105921.5,9606
KX381345.1,124751
KX381256.1,27622
MK975884.1,9606
KM386849.1,1522843
AY115132.1,30360
MH041139.1,77133
KU967820.1,77133
AB794533.1,77133
KF785463.1,77133
U52737.1,47562
HQ176658.1,77133
MH553694.1,9606
KC507829.1,356254
KM317502.1,77133
KX181461.1,61410
MG844497.1,154535
JN632637.1,37751
EU880318.1,156867
MK930532.1,9606
JN632631.1,1027983
JX454988.1,8467
GU935361.1,756687
AB930744.1,77133
KT361134.1,77133
MF680041.1,88823
FQ658793.1,164851
GQ128218.1,77133
KX269139.1,268291
KR154312.1,1804636
GU261707.1,400035
HM315595.1,77133
KM340119.1,77133
MG844485.1,154535
KR332553.1,77133
AY016726.1,58176
JQ034420.1,8469
KX269128.1,268291
KJ161440.1,1472757
JN632635.1,69300
DQ221222.1,353262
JN694509.1,77133
JX454984.1,8467
HG802774.1,82168
HQ622777.1,9580
JQ491341.1,77133
MH522450.1,2248741
KM320286.1,77133
Y08504.1,9694
HQ622771.1,9580
EF532005.1,30327
HQ681908.1,204803
JN632651.1,9962
KR154316.1,1804639
KM344033.1,77133
FJ916367.1,1211
CP034492.1,111789
KX504530.1,77133
KR154310.1,1804633
MK280770.1,2495766
CP034495.1,111789
MG596696.1,2057266
MF089284.1,77133
KX482079.1,155900
KT284046.1,120965
JN484154.1,155900
GU305702.1,77133
FJ763765.1,686873
AC008580.7,9606
HQ622767.1,9580
KM345139.1,77133
HQ176660.1,77133
HG802806.1,82168
JX869238.1,167235
KX381280.1,124752
HG802776.1,82168
HQ622775.1,9580
JX279877.1,77133
FJ763775.1,686854
FJ844228.1,77133
HG802826.1,82168
GQ340349.1,77133
MG232648.1,2047983
JX673301.1,77133
KF785732.1,77133
KM128730.1,77133
KU149063.1,77133
HG802778.1,82168
JX564348.1,77133
AC193936.3,9598
AY928621.1,305979
MH314130.1,77133
GU934055.1,77133
HG802808.1,82168
JN032900.1,77133
MH553737.1,9606
GU912084.1,77133
JN505173.1,155900
KX758399.1,89462
JX869351.1,1211
KX269124.1,268291
HE577697.1,77133
MH683736.1,2557824
KX269126.1,268291
KM130368.1,77133
HG802796.1,82168
AY495506.1,159333
KM335827.1,77133
MG844488.1,154535
KJ645580.1,77133
KM347607.1,77133
MG011033.1,77133
JN475903.1,155900
KT991336.1,1785702
JN582335.1,378289
AB818613.1,77133
LT670892.1,1926487
MG011037.1,77133
HG802790.1,82168
LT670890.1,1926485
JX287444.1,280003
AY680238.1,30327
MH918128.1,135647
MH683734.1,2557822
KU631436.1,77133
AY898732.1,305979
AY227524.1,64681
KM344707.1,77133
GQ423870.1,77133
KC432419.1,77133
JX869254.1,167235
KM128640.1,77133
JN117205.1,77133
DQ497265.1,335392
HG802804.1,82168
KY377584.1,77133
MH683758.1,2557836
KF834988.1,1434920
AC021451.8,9606
KX620511.1,599854
KY039426.1,9031
MK069559.1,9606
LC016777.1,1205931
JQ579803.1,120965
MG563374.1,2055901
LC016775.1,1590022
JN868130.1,152509
AY667206.1,303930
JN868889.1,77133
GQ125672.1,77133
KY398015.1,1267598
KC507866.1,356254
MG844515.1,154535
KC507864.1,356254
GQ130152.1,686866
KU968577.1,77133
KY624533.1,77133
KY039422.1,9031
AY770537.1,8467
HM263019.1,77133
KC507858.1,356254
GQ130150.1,686869
AY667208.1,9946
KC507862.1,356254
FJ351052.1,77133
MH683742.1,2557828
MG844501.1,154535
JX869240.1,167235
KY379881.1,1930151
JN468649.1,155900
KC733376.1,385678
KP326309.1,99825
HQ904560.1,77133
JN632680.1,59536
JQ692071.1,30521
EU375426.1,77133
GQ889470.1,886815
KY070159.1,45467
KP144796.1,64681
MN062684.1,2588788
KC836051.1,77133
KC507850.1,356254
CP011271.1,1630693
KY348384.1,156866
EF536350.1,9917
MG596727.1,2057297
KC507856.1,356254
KM198328.1,64681
KC757411.1,9590
MG844509.1,154535
MK069578.1,9606
AY819376.1,47562
GQ340338.1,77133
AY147248.1,1536848
KY942598.1,77133
KM178385.1,77133
KX512321.1,9031
AB200924.1,310660
JQ272734.1,77133
MK069574.1,9606
CP027084.1,72004
KC747662.1,384941
KM178210.1,77133
JX279896.1,77133
MK069576.1,9606
JF766419.1,77133
HG802835.1,82168
KR323917.1,77133
AJ429210.1,122219
KX882745.1,55534
KT199100.1,526407
JN117120.1,77133
JX279892.1,77133
GQ410312.1,77227
AJ429212.1,122221
EF536357.1,69298
KY039416.1,9031
MG569708.1,2055917
KT013297.1,9606
AJ851256.1,298890
JN478444.1,155900
KF162304.1,9606
KM341463.1,77133
JX287452.1,1303775
AY532553.1,77133
GU305806.1,77133
FJ905813.1,222863
KY348398.1,129216
KX269115.1,268291
DQ642417.1,77133
KX094979.1,126663
JQ277464.1,260618
JX047286.1,99854
KT880403.1,120965
KY039404.1,9031
MF143498.1,385035
MN203700.1,9606
KM346179.1,77133
KY039418.1,9031
FJ719054.1,77133
AY016692.1,58176
MF040578.1,77133
LT670882.1,258820
MG767202.1,2070356
LR132069.1,980271
EU880329.1,226889
HG802829.1,82168
GU917123.1,77133
HQ622795.1,9590
KX928003.1,39717
MH112411.1,198431
JN632674.1,86973
EU880333.1,8321
JF488103.1,1010147
JX564334.1,77133
KY348396.1,129216
KX269111.1,268291
DQ851567.1,400393
AC132825.8,9606
KX269113.1,268291
EU339339.1,515995
JF488117.1,1010161
AF130038.1,66468
KX553933.1,9902
KF162325.1,9606
JF488115.1,1010159
MK028750.1,9913
AC107940.13,9606
KC507861.1,356254
MG736676.1,9913
DQ330697.1,221218
KM332533.1,77133
HG802799.1,82168
KX504423.1,77133
HG802795.1,82168
KM338078.1,77133
FN673994.1,9606
KT122154.1,171953
KX758331.1,89462
JN869024.1,77133
HG802797.1,82168
MK273935.1,77133
MF169212.1,9909
MK028742.1,9913
KF856389.1,1211
HM327378.1,77133
KY379879.1,1930137
MG273053.1,9606
HG802789.1,82168
MF169210.1,9913
HG802773.1,82168
HG802791.1,82168
GQ464307.1,30521
JX454979.1,27788
AC231380.2,9606
GQ464309.1,30521
KY039432.1,9031
HG802807.1,82168
HQ622769.1,9580
FR691928.1,1211
GU477775.1,8475
GQ340262.1,77133
FJ662703.1,1869227
HM051006.1,77133
KU297946.1,1357719
KC424694.1,77133
LC065709.1,77133
JN615795.1,77133
HG802793.1,82168
JX276369.1,412089
AY898731.1,305979
HG802781.1,82168
AC013437.8,9606
KC496959.1,77133
HG802787.1,82168
JQ253495.1,651290
AY291112.1,47562
JX454969.1,27794
KY379867.1,1930125
AJ429213.1,122221
HG802813.1,82168
MH148364.1,77133
KC496409.1,77133
KJ923818.1,9606
MG596703.1,2057273
KX269121.1,268291
HQ622774.1,9580
MF143468.1,257883
MH155202.1,34865
AY016717.1,58176
KX269123.1,268291
KR872397.1,1739126
KF574248.1,341128
KP698976.1,37591
JX279898.1,77133
KP726258.1,1699685
KM319516.1,77133
CP020664.1,1967666
LC177664.1,1896940
KY379875.1,1930133
GQ464311.1,30521
KR154461.1,356254
HQ386397.1,914435
MK999993.1,9606
AY016705.1,58176
AY227531.1,64680
FR691910.1,1211
MG844475.1,154535
MH313382.1,77133
MN128964.1,2592619
KR154298.1,1804631
MF536685.1,302418
MK274913.1,77133
MH449442.1,9606
KX381247.1,1769916
JX454977.1,8467
MF536687.1,302418
JN632604.1,9904
JX454975.1,27790
HM844008.1,77133
GQ464313.1,30521
MG844491.1,154535
JN032899.1,77133
KX592181.1,9902
KX269131.1,268291
MN207476.1,2598103
HQ176699.1,77133
KY070166.1,45469
KC331410.1,77133
JN941791.1,77133
KJ704989.1,30521
EU670809.1,357282
AM690854.1,120965
JQ501828.1,77133
MK069561.1,9606
MG596685.1,2057255
AY667207.1,9945
JF420809.1,77133
JQ941808.1,77133
KM132030.1,77133
GQ889434.1,886808
KF590707.1,128106
MH669067.1,2283158
MN197786.1,9913
GQ889432.1,886805
KC507855.1,356254
MN207478.1,2598104
KM020004.1,1521540
JN398170.1,170217
GU320209.1,74934
EF664118.1,344338
MN197788.1,9913
MF362599.1,59463
KY070164.1,123797
EU043563.1,152509
KC507859.1,356254
JN032897.1,77133
MK972444.1,2528663
KU151289.1,77133
JQ919743.1,120965
HQ529681.1,155916
AC112650.2,9606
HQ386596.1,914369
HQ904899.1,77133
AY495494.1,109477
KC507847.1,356254
MH683732.1,2557820
AM778956.1,267872
MK069573.1,9606
KY379894.1,1930155
HQ622792.1,9590
MG844512.1,154535
AC021080.4,9606
AF263218.1,27629
KC507849.1,356254
KT184470.1,9913
EU354784.1,77133
MG844510.1,154535
JQ507658.1,77133
KC757397.1,13557
KR868704.1,464755
AB936779.1,1502731
MN163282.1,9606
KC507827.1,356254
MG569721.1,2055926
HM332065.1,77133
MK069565.1,9606
JQ958793.1,120965
AB659224.1,77133
AF263216.1,124751
KF785626.1,77133
JF775597.1,77133
JX647807.1,1027983
FJ037551.1,77133
HG802825.1,334583
JQ490434.1,77133
AC146433.3,9598
AF239698.1,121120
LN880483.1,77133
DQ270289.1,172788
AF091692.1,69298
JF115357.1,77133
FJ763784.1,686851
MH683733.1,2557821
MG569711.1,2055916
AF069423.1,8479
FN674059.1,9606
AC026409.4,9606
NR_118911.1,114
AY843653.1,318335
JQ256957.1,1137491
AB936777.1,1502729
MG844516.1,154535
MK028736.1,9913
MK028738.1,9913
JQ846020.1,30521
MG844482.1,154535
KM174787.1,77133
KC507833.1,356254
KM316077.1,77133
KX987523.1,1211
NC_039409.1,2025911
HG802805.1,82168
MG596704.1,2057274
AF091704.1,59555
AF239696.1,121118
JF188928.1,77133
JN860636.1,8475
AB291074.1,424585
HG802823.1,82168
KY348391.1,156864
AF239694.1,121116
MK028728.1,9913
DQ388685.1,373078
HM050910.1,77133
KY348393.1,156867
AY151246.1,210711
KR326048.1,77133
MH683739.1,2557826
AY151240.1,210708
KM319083.1,77133
KY039409.1,9031
AC132822.3,9606
KY348395.1,297011
KY070172.1,45469
KF704734.1,120965
JQ266011.1,260618
LC215290.1,1954175
JX454986.1,27787
FJ348175.1,9606
KY070170.1,123797
MK209098.1,1569323
MG256392.1,34880
MK028726.1,9913
KX553934.1,9902
MH449066.1,9606
JQ266015.1,378291
KY873314.1,1976942
EF516449.1,77133
KP708705.1,461709
JF495289.1,77133
AP003461.2,9606
AF227907.1,9606
MG844489.1,154535
HQ529663.1,109478
KY070196.1,123797
MK139957.1,2487363
KF704740.1,120965
KF704720.1,120965
HG802784.1,82168
KP726260.1,1699685
MK209092.1,2490573
KU259573.1,77133
AM991206.1,77133
AY592682.1,77133
KY070174.1,123785
KC836014.1,77133
HG802788.1,82168
KX232526.1,30521
KY039413.1,9031
HG802783.1,82168
KY039411.1,9031
MH120445.1,9606
AY327518.1,68415
KR011113.1,30521
JN632695.1,59555
FJ475345.1,77133
JN117257.1,77133
MG844503.1,154535
MK930370.1,9606
KY039401.1,9031
MG844495.1,154535
KX269118.1,268291
MG196304.1,1496684
MN240827.1,154535
KM386851.1,1522824
KY039403.1,9031
KM333906.1,77133
FM201065.1,77133
KX758324.1,89462
KY348389.1,297010
KM386853.1,1522791
MG234523.1,2047996
KX232522.1,30521
JX172390.1,77133
MF615161.1,666712
KX758326.1,89462
MH118742.1,2137230
KX232524.1,30521
FR871449.1,77133
KY348387.1,297010
FJ380216.1,9606
KM341950.1,77133
KR912197.1,1661028
DQ380372.1,371703
MF040547.1,77133
KX758334.1,89462
HM050895.1,77133
AY016706.1,58176
KJ664703.1,77133
KX758332.1,89462
AB672242.1,77133
HQ827955.1,77133
AY227528.1,99825
KM658599.1,30521
KM127186.1,77133
HG802831.1,82168
KX758330.1,89462
KX758319.1,89462
KY039407.1,9031
AY183114.1,219113
AY193192.1,221218
DQ463250.1,77133
KY039394.1,9031
AY227526.1,226681
MN128993.1,2592617
KX758401.1,89462
MF579504.1,8467
JN869045.1,77133
KM329146.1,77133
KM091493.1,238885
JN532986.1,155900
GQ926967.1,30520
KX758317.1,89462
KY113123.1,1980583
EF020122.1,77133
AF175339.1,82168
MH208414.1,2169545
FJ694481.1,77133
KM316769.1,77133
MH888024.1,8341
KP698975.1,76772
KX381699.1,153286
GQ464314.1,30521
JX672739.1,115547
MG844487.1,154535
MG844481.1,154535
MN104684.1,2591614
KX123662.1,1618700
AC131055.10,9606
MH553871.1,9606
MG844483.1,154535
HM050558.1,77133
HE857597.1,77133
KR318638.1,77133
KX181459.1,61410
JX222979.1,77133
KT952701.1,77133
JX105635.1,77133
AY921476.1,324894
KC994702.1,156588
DQ676436.1,221218
KJ161448.1,1472743
HQ622773.1,9580
KU150767.1,77133
KC990422.1,221218
KF781340.1,34880
HQ622797.1,9590
CP012375.1,1698524
KX269112.1,268291
EU880341.1,385678
AM259264.1,1211
HG324345.1,77133
GU913678.1,77133
KR106993.1,72004
DQ283444.1,377303
EF532003.1,30327
HQ622799.1,9590
HQ622765.1,9580
KX758397.1,89462
KP973555.1,89095
HQ622783.1,81572
KP973553.1,226678
JF497854.1,77133
AP011272.1,58324
EF532007.1,439429
JX454992.1,27794
KM216748.1,31138
KX381248.1,1769916
MH449099.1,9606
AY843737.1,47562
EF532011.1,302542
KM222432.1,64681
MN062673.1,2588800
AY016690.1,58176
EF020022.1,77133
MK568070.1,2529302
MH449125.1,9606
AP017560.1,685565
KR316653.1,77133
MH077492.1,1211
KC666927.1,77133
JQ705771.1,9606
JX279873.1,77133
JN513850.1,155900
KU155856.1,77133
JN452472.1,155900
JX047142.1,77133
LC455635.1,109265
KT283985.1,120965
EU403719.1,77133
KM336828.1,77133
KM318379.1,77133
JQ232698.1,77133
HQ653900.1,77133
MK273813.1,77133
MN207473.1,2598097
KX269144.1,268291
X81957.1,114
KF944983.1,77133
KX269142.1,268291
MN207471.1,2598098
MH111943.1,198431
KX269140.1,268291
KM318037.1,77133
KF944967.1,77133
AP011252.1,370369
JN860609.1,74922
AC091134.7,9606
KM179429.1,77133
MH795989.1,260643
NC_042243.1,93162
GQ464295.1,30521
AB915322.1,1472950
KM166843.1,77133
MN163832.1,9606
MH683760.1,2557838
JQ269255.1,1165178
KP306516.1,302418
GQ464299.1,30521
MH918126.1,135647
MH683762.1,2557840
GQ349289.1,77133
MG837552.1,9913
GQ339182.1,77133
EU869801.1,77133
MH683764.1,2557842
NG_001333.2,9606
MH683744.1,2557830
EF532010.1,302542
JQ266012.1,260618
KP715096.1,135647
JQ305022.1,77133
LM652201.1,1211
EU746728.1,77133
JQ266010.1,260631
KY944093.1,77133
JQ958724.1,120965
KU377748.1,269212
LT670884.1,1926480
MN062672.1,2588802
HM329671.1,77133
LT670886.1,1926481
KY070193.1,123797
KX928005.1,39717
JF344524.1,120965
AY582718.1,122221
MN125704.1,9606
JX303794.1,9606
KY070195.1,123797
MK279400.1,30520
MK273581.1,77133
AF038020.2,64683
AY582716.1,122219
JX869242.1,167235
MG563376.1,2055902
MH683746.1,2557831
MK953006.1,1288491
JF488113.1,1010157
KY039430.1,9031
MK975883.1,9606
MK972439.1,2528653
KX925213.1,369631
JQ491837.1,77133
AB794516.1,77133
MH683748.1,2557832
HQ653871.1,77133
KY070191.1,45467
FN296983.1,77133
GU935358.1,756672
AB746093.1,77133
KM386854.1,1522800
AM690815.1,120965
GU305808.1,77133
MN062682.1,2588976
DQ330671.1,221218
KU683455.1,9606
EF392941.1,77133
JN860627.1,378289
KY677809.1,47562
EU368386.1,77133
KT199102.1,526407
JQ937209.1,1273190
KX232521.1,30521
JN477904.1,155900
KY039434.1,9031
JQ941791.1,77133
GQ889468.1,886813
MG234518.1,2047997
KX232523.1,30521
KY039436.1,9031
U52749.1,302546
MH449397.1,9606
MG569716.1,2055923
HQ622802.1,61853
FM253642.1,120965
LT670888.1,1926483
CU918118.1,77133
JX047295.1,43179
KJ645575.1,77133
JX047293.1,99860
JN632638.1,37751
JF270427.1,77133
KX758349.1,89462
FR647976.1,1211
LT219280.1,77133
MH522449.1,2248740
JQ920369.1,8475
GQ130146.1,686875
KM337599.1,77133
CP020771.1,1903187
DQ080040.1,260614
KX758345.1,89462
KY070187.1,123785
MH112407.1,198431
KX758343.1,89462
AP003424.1,9894
MF579505.1,8467
AY680241.1,30325
GU935360.1,756674
HQ622806.1,61852
KU154910.1,77133
KC747670.1,58087
HM308439.1,77133
AY121987.1,86973
KX269133.1,268291
MG844484.1,154535
AC197159.2,9598
FJ844251.1,120965
JN632644.1,59529
EU880323.1,8316
MG844486.1,154535
HQ176641.1,77133
AC244472.2,9606
GU935354.1,756668
KY070157.1,240373
JX047284.1,45471
MH732978.1,9031
NC_032376.1,123797
NC_032373.1,45467
KY070189.1,123793
AC025627.13,9606
KX758347.1,89462
MK069567.1,9606
HG802803.1,82168
KR315764.1,77133
JQ629735.1,77133
KY677807.1,47562
DQ017913.1,77133
MH107237.1,2134040
JX647801.1,37751
MF043386.1,220703
GQ464300.1,30521
JN632650.1,666915
KX269137.1,268291
JQ486308.1,77133
MG596697.1,2057267
AY843592.1,318298
KC495061.1,1732522
HM327304.1,77133
MN150713.1,9606
KX269135.1,268291
HG802815.1,82168
HQ681907.1,204803
HG802782.1,82168
KT753327.1,1719113
MH553732.1,9606
HQ622770.1,9580
FJ355132.1,77133
KY070160.1,123797
LT796255.1,257465
MG596683.1,2057253
MK028748.1,9913
AY360649.1,100371
HG802801.1,82168
KY677803.1,47562
NC_036315.1,159333
MG844513.1,154535
DQ330703.1,221218
KY379873.1,1930150
FJ763776.1,686852
MK028744.1,9913
MH076891.1,1211
FR871498.1,77133
KY379893.1,1930154
HG802779.1,82168
AY227561.1,226685
AY680255.1,302546
AB015580.1,77133
MH208406.1,2169544
MK028746.1,9913
HG802811.1,82168
MK028740.1,9913
HG802809.1,82168
HG802817.1,82168
FN673986.1,9606
LC016778.1,1112103
GU816198.1,77133
KM179974.1,77133
KM174856.1,77133
GU477776.1,204965
KU870466.1,696857
HM106320.1,272460
KX269125.1,268291
MN128994.1,2592618
HG802819.1,82168
KX504499.1,77133
MH315131.1,77133
KX269127.1,268291
FN673842.1,9606
MF088914.1,77133
HQ436954.1,77133
FJ763774.1,686874
KX179952.1,159733
MF143480.1,124752
JF930726.1,77133
KC815471.1,500530
HE999058.1,77133
KX269145.1,268291
MF143484.1,153286
KR052524.1,30521
JN398075.1,77133
MH553858.1,9606
KU966872.1,77133
JN038765.1,171953
KF417656.1,1519459
MH888035.1,2495638
JX287447.1,280003
MG011020.1,77133
AC091163.5,9606
HG802830.1,82168
U71233.1,8316
AB689008.1,385653
AL109955.38,9606
KC733369.1,385674
JF766416.1,77133
MG011024.1,77133
KM344353.1,77133
HQ904879.1,77133
GQ130143.1,686849
KX620510.1,1980583
HE857661.1,77133
M86494.1,9917
KX755300.1,2025911
AC008512.8,9606
KC666745.1,77133
KY039425.1,9031
MF497028.1,34875
JF747618.1,77133
FR668308.1,100233
KT935302.1,1817992
LC016774.1,1590021
MG596702.1,2057272
CP011339.1,1638788
MN197791.1,9913
KY242481.1,2027314
MG596700.1,2057270
KY624530.1,77133
GQ889430.1,886802
AF029308.1,9606
JN868934.1,77133
JN032835.1,77133
AL356489.14,9606
KF009020.1,257465
AY667211.1,69296
AY770536.1,8469
MH683743.1,2557829
AB090021.1,82168
AY667209.1,9947
MH449472.1,9606
MK080157.1,9606
KM340690.1,77133
MF614103.1,30520
KF834989.1,1434921
MH683741.1,2557827
JX869241.1,167235
KC507853.1,356254
KY070176.1,45467
JF015855.1,77133
AY495455.1,27622
KT943751.1,154348
KM233416.1,30521
AJ429215.1,122221
MK972440.1,2528659
KC507851.1,356254
JQ629562.1,77133
KC733375.1,385678
FR648020.1,1211
LN561460.1,77133
JX869253.1,167235
FN668212.2,171953
KX269141.1,268291
KC507857.1,356254
JX869251.1,167235
MK069579.1,9606
MK069575.1,9606
MG569719.1,2055930
KR325013.1,77133
MN062677.1,2588785
KC507841.1,356254
MK930372.1,9606
MK069577.1,9606
JN479087.1,155900
KF668525.1,64680
HG802820.1,82168
KC507843.1,356254
GQ889463.1,886807
FR648036.1,1211
AJ429211.1,122219
JF488118.1,1010162
MK069569.1,9606
KC507845.1,356254
KT199101.1,526407
KY070178.1,123785
DQ256378.1,8475
MK069571.1,9606
JN632687.1,907742
JX222661.1,77133
KM163160.1,77133
JX069958.1,93163
GQ410313.1,77227
MG569709.1,2055912
HE999230.1,77133
FJ763786.1,686853
KY039415.1,9031
AP009552.1,449447
AY495459.1,258867
KP144795.1,64681
DQ200643.1,120965
JF488126.1,1010170
AY027824.1,155916
AB179668.1,77133
FJ763788.1,686872
U52707.1,30327
AY027822.1,155916
KT749815.1,9606
JF488124.1,1010168
MG844504.1,154535
U52705.1,30325
KY039405.1,9031
MG569717.1,2055925
JF261674.1,77133
EF667618.1,77133
KJ933866.1,1540896
AY532578.1,77133
MG569715.1,2055918
AY898733.1,305979
KX774423.1,391341
MH315647.1,77133
KY379874.1,1930130
MG569713.1,2055915
JX047289.1,99854
MN203703.1,9606
KY039419.1,9031
KY039417.1,9031
LT670883.1,317927
GQ126607.1,77133
MH553836.1,9606
MF143477.1,159327
GU935353.1,756667
LC065701.1,77133
JN183391.1,77133
GU981038.1,150090
DQ151551.1,9694
KX928002.1,1708747
HG802827.1,82168
KX937157.1,215611
KX269110.1,268291
MH553832.1,9606
MH111964.1,198431
EU880334.1,36313
KU683450.1,9606
JQ846022.1,30521
KC169939.1,1278133
KY348397.1,129216
MF143467.1,159325
HQ905329.1,77133
JF488116.1,1010160
KF440685.1,187014
JF488114.1,1010158
KC747659.1,257883
JQ026233.1,8469
KR733683.1,385678
AJ429209.1,185596
MF043393.1,57571
LC422569.1,77133
GU981036.1,150090
FN668374.2,221218
KX269116.1,268291
KY379884.1,1930140
KM341326.1,77133
KX932102.1,122219
KY379886.1,1930153
KF704718.1,120965
HQ529667.1,109478
KU886087.1,1920185
MK028743.1,9913
KY379878.1,1930136
KR154302.1,1804635
MK209102.1,2490572
MK589720.1,2528656
MK209096.1,1569322
KR154300.1,1804634
LC065711.1,77133
KY039433.1,9031
HG802834.1,82168
KY348381.1,156866
HQ529673.1,155916
KU683261.1,9606
JX454990.1,8469
HQ529675.1,155916
JX276368.1,412089
HG802780.1,82168
KF596593.1,77133
MF089227.1,77133
KU969755.1,77133
HQ176676.1,77133
KF704724.1,120965
KM335541.1,77133
HQ529677.1,155916
MN203705.1,9606
HG802812.1,82168
HG802786.1,82168
KM199849.1,109478
DQ283440.1,57571
KY379882.1,1930152
KY677793.1,47562
HG802810.1,82168
KM178744.1,77133
AY178629.1,222863
JX287433.1,280003
HG802792.1,82168
MG397041.1,385971
KM179662.1,77133
KY348385.1,156861
KJ680321.1,204965
KR326094.1,77133
KY348383.1,156866
KT283986.1,120965
HQ622801.1,61853
MF143479.1,159332
GQ464310.1,30521
AY016704.1,58176
JF966197.1,55534
KM310926.1,77133
KF973741.1,77133
KC496426.1,77133
FR694649.1,8467
KF724151.1,176192
GU305732.1,77133
MF629807.1,2025653
GQ464302.1,30521
GQ464304.1,30521
AY680240.1,302542
KY942751.1,77133
KM318393.1,77133
KX758338.1,89462
EU809939.1,204968
KC496422.1,77133
MF143491.1,59463
KR324037.1,77133
JN632605.1,9906
CP011304.1,1641812
KX758336.1,89462
KU683279.1,9606
MH753652.1,9031
JN477190.1,155900
KC666345.1,77133
MG844499.1,154535
JX287439.1,280003
MN062679.1,2588787
KR317017.1,77133
LC065690.1,77133
MN207475.1,2598101
HG802802.1,82168
AY016716.1,58176
JF488099.1,1010143
JQ507729.1,77133
AY016710.1,58176
HQ176696.1,77133
MG844476.1,154535
KX381364.1,124751
AF348081.1,150090
KC666355.1,77133
JN941792.1,77133
JQ923544.1,77133
JQ500286.1,77133
MN115376.1,9606
MG844478.1,154535
KT935303.1,1817992
MG596684.1,2057254
MH423715.1,9913
KY456976.1,77133
KR872398.1,1739127
MH449453.1,9606
MN197787.1,9913
AB090024.1,74930
MN197789.1,9913
AC097526.3,9606
MN207479.1,2598105
KM319712.1,77133
MN207477.1,2598100
MF973066.1,30521
KU867947.1,1672147
JX454972.1,8469
MN062661.1,2588792
HQ622793.1,9590
KU867945.1,1672123
KC507846.1,356254
AF263232.1,124756
EU354783.1,77133
AY495493.1,258936
KC507848.1,356254
HQ622791.1,9590
KU635445.1,77133
AJ401114.1,129157
EU368414.1,77133
AY227536.1,226697
AF263215.1,27622
KX381312.1,124751
KP686736.1,77133
JN473958.1,155900
KM020005.1,1521541
KP100054.1,202460
KM020003.1,1521539
MN062675.1,2588977
JX279878.1,77133
KR324914.1,77133
MK069568.1,9606
MG569723.1,2055929
AB293364.1,120965
KR318966.1,77133
MG569710.1,2055914
AM709632.1,102126
MH449421.1,9606
JQ958737.1,120965
MF554690.1,8467
MK028725.1,9913
LK025387.2,77133
KM128077.1,77133
EU339336.1,515995
KX928006.1,39717
MH683768.1,2557843
KX771369.1,77133
LC455639.1,109265
KC507828.1,356254
HG802775.1,82168
DQ643701.1,164851
EU246802.1,120965
MG569724.1,2055924
JQ846021.1,30521
LC455637.1,109265
MH553819.1,9606
KM129363.1,77133
FJ763781.1,686847
JX647802.1,37751
LN880484.1,77133
MH147165.1,77133
KX269130.1,268291
MG596705.1,2057275
NR_148576.1,1210884
MH031299.1,100233
MH111953.1,198431
JN860637.1,33571
DQ181672.1,1211
MK967511.1,9606
JQ629511.1,77133
FJ649504.1,77133
AP011372.1,329116
HE576980.1,9606
AC237676.1,9606
JX047291.1,99847
HE964766.1,77133
JF830212.1,1070630
MF460363.1,27794
KY039408.1,9031
DQ501334.1,120965
KM318527.1,77133
KM345181.1,77133
NG_001337.2,9606
DQ675512.1,77133
MH553823.1,9606
JQ266016.1,378289
XM_008013326.1,60711
KY070171.1,1917142
FJ218477.1,170215
HQ176698.1,77133
MK028727.1,9913
KX898016.1,9902
KM317974.1,77133
AB240356.1,77133
KT901455.1,51298
KU154804.1,77133
KM131886.1,77133
JQ305078.1,77133
KT210199.1,109478
KR315924.1,77133
KU683333.1,9606
LC065697.1,77133
KY070161.1,123785
KF704741.1,120965
AF154053.1,297010
KC495063.1,1732522
JX456509.1,1211
MG596728.1,2057298
KM251563.1,77133
MK028733.1,9913
KY070197.1,123793
EU339338.1,515995
KT318760.1,1855837
KY070163.1,123797
HQ904578.1,77133
MK028735.1,9913
KC507834.1,356254
KC498005.1,77133
GU916979.1,77133
KC507836.1,356254
KM405199.1,357282
HQ176632.1,77133
JQ305066.1,77133
GQ348940.1,77133
KC507830.1,356254
JX257332.1,77133
KM334607.1,77133
FQ659741.1,164851
KX232527.1,30521
HQ529670.1,109478
MH091189.1,77133
MH553916.1,9606
KF704733.1,120965
HQ529672.1,155916
KY070156.1,45469
KY070167.1,45467
MK028731.1,9913
KY039400.1,9031
JN860625.1,74916
LN563873.1,77133
MG196305.1,1496684
JN860623.1,204968
HQ176639.1,77133
KM386850.1,1522813
KY039402.1,9031
MG234522.1,2047994
AY325983.1,30325
FJ612132.1,77133
KY348388.1,297010
HG802800.1,82168
KM386852.1,1522816
KY348386.1,156861
FJ800541.1,77133
KX232525.1,30521
EF444156.1,77133
MF629808.1,2025654
NG_016423.2,9606
KY039393.1,9031
KY039395.1,9031
KX758351.1,89462
MF143478.1,159333
KY039397.1,9031
KX758333.1,89462
GQ889480.1,886820
MK936801.1,9606
KP835528.1,1697042
LC322423.1,2039280
KY234694.1,77133
HQ176637.1,77133
KC507838.1,356254
NC_032370.1,45469
KY070185.1,45466
KX758341.1,89462
KY070183.1,45467
AF474239.1,122222
KX758327.1,89462
LC065718.1,77133
AY193185.1,221218
KX758321.1,89462
KY070181.1,45467
KP273591.1,59463
XM_012058929.1,9531
MH313271.1,77133
KX758323.1,89462
JQ793224.1,459262
HE648177.1,257465
AB780927.1,221218
HM332186.1,77133
AJ842847.1,9544
KU683588.1,9606
HQ602863.1,936505
KU280144.1,77133
HQ176810.1,77133
AB510985.1,77133
HQ602861.1,936513
MG844480.1,154535
KX758329.1,89462
KX381253.1,27622
JF912033.1,572540
NC_032374.1,123785
JN317837.1,547489
NC_032372.1,45466
KR314645.1,77133
KM386848.1,1522841
MH553653.1,9606
EU869709.1,77133
JX456499.1,1211
MK274081.1,77133
MF002495.1,9606
KY942278.1,77133
MN145867.1,2593293
KU283765.1,77133
Y08511.1,9649
JF429939.1,1002505
GU261683.1,9031
KP973554.1,64681
HQ905376.1,77133
JQ497032.1,77133
AY689805.1,156588
JX671826.1,77133
KX181460.1,61410
HQ622764.1,9580
MG844496.1,154535
JN505178.1,155900
KP973552.1,226678
MF680042.1,2027336
HQ622784.1,81572
AC239612.3,9606
HQ622768.1,9580
EF088646.1,74934
AP011326.1,210638
MH448977.1,9606
MG596730.1,2057309
JN869180.1,77133
JX671903.1,77133
AC206041.4,9601
EU443035.1,77133
KP973560.1,89095
JN514156.1,155900
HG802785.1,82168
HM307125.1,77133
MF571906.1,27787
KM222431.1,64681
KU284443.1,77133
HQ905378.1,77133
KC497116.1,77133
JN860626.1,74916
MG844498.1,154535
AP003550.2,9606
HM051016.1,77133
JX287443.1,280003
KU967635.1,77133
HQ622776.1,9580
MH553665.1,9606
MH075732.1,1211
MF509825.1,73815
JX133471.1,77133
FJ354171.1,77133
MH449424.1,9606
MH553667.1,9606
X85248.1,114
AY898730.1,305979
KM166927.1,77133
MN016957.1,9606
MK280771.1,2495767
KM585771.1,77133
KM334101.1,77133
MH449140.1,9606
KX269143.1,268291
FJ844239.1,77133
JX869237.1,167235
JN860608.1,74922
MH312500.1,77133
KM031055.1,77133
MF613109.1,77133
KX235296.1,210638
JX869239.1,167235
KM330073.1,77133
MH112203.1,198431
KR328893.1,77133
KF975556.1,77133
MH449084.1,9606
KC666276.1,77133
MH683761.1,2557839
KR319020.1,77133
JN500540.1,155900
MH934740.1,77133
MH683763.1,2557841
AC024248.7,9606
FJ763768.1,686856
JX564349.1,77133
AY928620.1,316516
KC496423.1,77133
KX032225.1,77133
JN032901.1,77133
KX758398.1,89462
JQ070064.1,1205932
DQ659152.1,260627
KX755302.1,2025911
DQ676450.1,221218
EU640365.1,100234
KR868705.1,464755
KX566965.1,155900
LT670885.1,317928
MG837551.1,30521
KF856482.1,1211
JN869081.1,77133
MN124446.1,9606
AC090204.11,9606
LT670887.1,1926482
MH683777.1,2557847
AY151250.1,210710
MH041030.1,77133
MK988512.1,9606
JN582334.1,74916
KU683575.1,9606
AY582719.1,122221
GQ464298.1,30521
KF944980.1,77133
JQ483722.1,77133
KP161502.1,120965
AY582715.1,122222
LT670893.1,1926488
KM127379.1,77133
JX869243.1,167235
LT670891.1,1926486
KR317356.1,77133
KX426418.1,77133
JF488110.1,1010154
KR322740.1,77133
KY039431.1,9031
LN716014.1,77133
HQ904698.1,77133
MH553726.1,9606
KX269109.1,268291
MH683753.1,2557833
HE650025.1,77133
MH683755.1,2557835
KM091464.1,1615740
KX928004.1,39717
LT840935.1,77133
MG844502.1,154535
KY379880.1,1930138
KY039427.1,9031
KC507867.1,356254
KR007669.1,167043
MH683759.1,2557837
MK874614.1,9606
KP326310.1,45480
MH683779.1,2557848
HQ828042.1,77133
KY039435.1,9031
HM051040.1,77133
MN207480.1,2598102
NC_040970.1,9031
EU930723.1,176197
KY039437.1,9031
JN508631.1,155900
GQ889469.1,886814
LN716010.1,77133
KU263151.1,77133
KU154829.1,77133
KX381313.1,124752
HQ860462.1,77133
KX580772.1,1960138
KY039390.1,9031
LC065668.1,77133
EU640276.1,100234
HQ622803.1,61853
GQ130153.1,686867
JX505216.1,100233
LT670889.1,1926484
EU708434.1,204965
HQ433561.1,77133
EU403771.1,165437
JX279902.1,77133
KY039392.1,9031
KC507865.1,356254
FR647979.1,1211
KR325252.1,77133
GQ889479.1,886819
KC507863.1,356254
FR647977.1,1211
KY039423.1,9031
GQ889461.1,886803
NG_047090.1,9606
HQ904509.1,77133
MG844500.1,154535
KP687139.1,77133
JX047290.1,99847
AL158819.14,9606
MK936802.1,9606
KY039421.1,9031
JN860628.1,378289
KM319791.1,77133
HQ904358.1,77133
AY680242.1,30325
KY070158.1,123785
JX257619.1,77133
KY070184.1,45467
KX758342.1,89462
GQ889471.1,886816
KF856390.1,1211
MG844506.1,154535
MG844508.1,154535
JN398194.1,1091512
HQ116760.1,77133
HM050857.1,77133
KM338005.1,77133
KX269132.1,268291
JX047283.1,45471
GU935357.1,756671
JQ487926.1,77133
JN632645.1,9894
MG844511.1,154535
MG272673.1,9606
JX047285.1,45471
KC747661.1,164660
AP019314.1,213615
KX758346.1,89462
MF613640.1,77133
JX258017.1,77133
GU183364.1,204942
JN656847.1,156588
MH208415.1,2169546
AM690824.1,120965
KR154304.1,1804637
KX758348.1,89462
MF043389.1,156860
KX269136.1,268291
GQ889481.1,886821
AL356032.4,9606
AY898727.1,305979
KU683408.1,9606
EU880332.1,305979
KX269134.1,268291
KM333410.1,77133
KM346507.1,77133
KY039429.1,9031
HG802814.1,82168
HM327368.1,77133
KX928010.1,39717
KX758344.1,89462
EU880320.1,213856
MH499876.1,9606
AY016691.1,58176
HQ622766.1,9580
KM340040.1,77133
DQ330702.1,221218
MK028749.1,9913
MF374239.1,77133
MG011096.1,77133
EF122793.1,8475
MK028745.1,9913
HG802828.1,82168
JN632673.1,9874
AY364542.1,47562
KU904488.1,307977
KY379872.1,1930149
MK028747.1,9913
KP698974.1,43179
AY227562.1,226811
MK890795.1,9606
HQ176661.1,77133
MK028741.1,9913
KM319820.1,77133
HQ119149.1,77133
HG802816.1,82168
DQ318535.1,222863
KM340879.1,77133
HG802818.1,82168
KY379865.1,1930123
U52703.1,30325
AB280309.1,77133
MG837548.1,9031
KU155719.1,77133
KM345522.1,77133
HG802798.1,82168
KR154314.1,1804640
JF488106.1,1010150
HQ905369.1,77133
CP034499.1,111789
HG802777.1,82168
DQ533485.1,27787
KX235297.1,210638
HQ622807.1,61852
XM_005569418.2,9541
HG802794.1,82168
KY379860.1,1930118
HQ904739.1,77133
EU078507.1,463278
MF621103.1,9606
HG802824.1,334583
MF169211.1,9909
KX269138.1,268291
HG802822.1,82168
GQ464306.1,30521
NG_011805.2,9606
HG802772.1,82168
KR922476.1,171953
FR871489.1,77133
JX454978.1,8469
MH107238.1,2134041
MK598764.1,2528655
HQ531608.1,114704
KY070155.1,45469
MH879470.1,9031
KM345313.1,77133
KC666263.1,77133
MN053904.1,9606
MF143497.1,159322
KF785645.1,77133
AY291111.1,47562
MH118734.1,2137227
KM127177.1,77133
KU891851.1,30521
KJ463418.1,30521
GQ464297.1,30521
KT749784.1,9606
KC496408.1,77133
KC934028.1,1211
JX013461.1,77133
MH423735.1,71117
MK876221.1,9606
GU305724.1,77133
AY667214.1,66440
LC085885.1,1112103
KX755301.1,2025911
AB012104.1,8469
AC217026.3,9598
KX269120.1,268291
JQ958778.1,120965
KX755303.1,2025911
FJ203947.1,77133
KC470097.1,1349692
KX634916.1,77133
MN197792.1,9913
KY242480.1,2027313
JN868930.1,77133
MH921427.1,30521
MN197790.1,9913
KY242482.1,2027315
KR316794.1,77133
AY227530.1,76772
MH482547.1,9606
JQ958786.1,120965
JQ495672.1,77133
AF345925.1,155039
HM298855.1,77133
KF305826.1,369631
MH683754.1,2557834
KM233417.1,72004
KC911370.1,9606
MH553857.1,9606
HM129883.1,77133
KY070175.1,123785
JX454976.1,8469
FJ350250.1,77133
KU380329.1,370357
JX454974.1,8469
JX869250.1,167235
KM341251.1,77133
MN197785.1,9913
MH076556.1,1211
KR324047.1,77133
KM342103.1,77133
JX869256.1,167235
KM585774.1,77133
KC507840.1,356254
AB935922.1,1211
KY070165.1,45467
MG569718.1,2055921
KM181792.1,77133
KC507842.1,356254
KP125951.1,302418
AP009309.1,58324
KJ000673.1,1470150
KC507860.1,356254
EU670808.1,341128
AF263236.1,124752
KM338128.1,77133
HE577738.1,77133
KC507844.1,356254
KY070179.1,123797
HM775970.1,9606
KY070177.1,1917141
HG802832.1,82168
MH041043.1,77133
MK275066.1,77133
KM334142.1,77133
GQ130156.1,686846
MG820631.1,9913
GQ889435.1,886809
MK069560.1,9606
KM343555.1,77133
KC507854.1,356254
GQ130154.1,686868
JF488125.1,1010169
MG844505.1,154535
MH076443.1,1211
AY027823.1,155916
KT284044.1,120965
MG844507.1,154535
MN163828.1,9606
NC_038064.1,69296
GU916389.1,77133
KM336995.1,77133
HQ529680.1,155916
KY039406.1,9031
MK972445.1,2528657
GQ348322.1,77133
MG569714.1,2055919
HQ385551.1,77133
MK972443.1,2528660
M86497.1,9962
HQ529678.1,155916
KT199099.1,526407
MG844494.1,154535
MG569728.1,2055931
HQ622798.1,9590
MG569712.1,2055913
MH315199.1,77133
GQ423855.1,77133
EF536352.1,97363
EU880331.1,57571
MH553718.1,9606
AB252962.1,77133
MH077389.1,1211
MG569722.1,2055928
MH112405.1,198431
HM563827.1,939159
MF089781.1,77133
HM050616.1,77133
MG569720.1,2055920
MH075913.1,1211
MG569726.1,2055922
KF417655.1,1519460
AB511287.1,310660
FN563264.1,77133
AY898728.1,305979
KC692465.1,202459
KR323755.1,77133
FJ911911.1,120965
FJ218475.1,270782
JN483970.1,155900
MG549307.1,2054882
GQ423852.1,77133
MN203704.1,9606
MF043390.1,156860
KR422335.1,1652489
MK028729.1,9913
AJ429208.1,185596
CP027082.1,72004
MF043392.1,57571
GU981037.1,150090
AF326097.1,153285
KY379885.1,1930141
MK028737.1,9913
JX672391.1,115547
JF775604.1,77133
AL355887.4,9606
DQ388692.1,318335
KY039428.1,9031
EF472005.1,47562
MH683774.1,2557845
MK028739.1,9913
KC507832.1,356254
KR317669.1,77133
EF516850.1,77133
JQ305062.1,77133
MK589721.1,2528654
AF091705.1,97363
GQ348950.1,77133
KM345980.1,77133
JX454991.1,27788
HM327366.1,77133
AY012146.1,86973
HQ529674.1,155916
FQ776930.1,32644
KY348390.1,156864
FR691938.1,1211
KY348392.1,156867
KF704739.1,120965
HQ622772.1,9580
JN869058.1,77133
LC153790.1,1851500
KY348394.1,297011
HM563819.1,939158
KT279522.1,1767167
CP039373.1,232348
KY039424.1,9031
KU633357.1,77133
FJ800525.1,77133
JX454987.1,27788
CP025958.1,114
KX771251.1,77133
AY121986.1,9894
KF704737.1,120965
HG802821.1,82168
KP708706.1,99837
HQ853013.1,77133
JX105553.1,77133
KR323866.1,77133
KP161586.1,120965
JN494138.1,155900
NR_114712.1,114
KY348382.1,156866
MG450794.1,2136035
LC455680.1,109265
KU683403.1,9606
AC062033.2,9606
HG802833.1,82168
MF169214.1,9913
KF785648.1,77133
U67290.1,43179
GQ464303.1,30521
HM050563.1,77133
MF089202.1,77133
JX454983.1,8467
MF629806.1,2025652
FJ719034.1,77133
MK972442.1,2528662
MK209093.1,2490569
KC992395.1,1347777
GQ464305.1,30521
KY039412.1,9031
AY016698.1,58176
JX413096.1,171953
KX758339.1,89462
KY039410.1,9031
HQ442364.1,204942
KX758337.1,89462
MF143492.1,153287
KC447304.1,226546
MH314298.1,77133
AY016719.1,58176
MH118737.1,2137229
KX758335.1,89462
JX287438.1,280003
KX504445.1,77133
MK930371.1,9606
MH683737.1,2557825
KY202833.1,1217921
KT951839.1,421224
GU911670.1,77133
KX269119.1,268291
KM171472.1,77133
KM316358.1,77133
KX269114.1,268291
AY227559.1,64683
MG844477.1,154535
KU683499.1,9606
KX758325.1,89462
KY829451.1,72004
MG844479.1,154535
MG816530.1,2292697
KY039420.1,9031
KY039414.1,9031
JN694559.1,77133
FN674005.1,9606
KR315649.1,77133
AY151241.1,210713
KM345080.1,77133
HM329672.1,77133
AY016707.1,58176
MH553659.1,9606
JF930716.1,77133
EF531995.1,439429
AY227529.1,9995
HE857479.1,77133
AM711897.1,9649
JQ958802.1,120965
KM319241.1,77133
MH683735.1,2557823
FJ844231.1,344338
KX758318.1,89462
KR314623.1,77133
KC747664.1,1442610
EF067858.1,260631
KX269117.1,268291
KX758400.1,89462
JX454989.1,27794
KX504634.1,77133
JX454973.1,27794
HQ622800.1,61853
MF959941.1,30520
MG844492.1,154535
KX758402.1,89462
KY456965.1,77133
KC496429.1,77133
JX454971.1,8469
KX758316.1,89462
MG844490.1,154535
KM318908.1,77133
MK280769.1,2495765
AJ429214.1,122221
KU150232.1,77133
AF263231.1,124756
AY016703.1,58176
KM131994.1,77133
KP100055.1,176197
MN062676.1,2588799
MN104685.1,2591615
MH107239.1,2134042
GQ368660.1,307979
MN062674.1,2588784
KJ161439.1,1472756
FJ660563.1,77133
AB671170.1,58324
AP011300.1,187331
AY227525.1,226680
